fluid_compounds,property_type,property_value,uncertainty,temperature,mole_fractions,measurement_id,source_doi,Mole fraction,Temperature,Solvent: Amount ratio of component to other component of binary solvent,doc_label,mole_fractions_rounded,mole_fraction_Choline Chloride,mole_fraction_Glycerol,mole_fraction_Water,composition_temp_id,viscosity_value,viscosity_uncertainty,mole_fraction_water,color,marker,measured
['Water'],viscosity,0.0009836,4.917999999999999e-06,293.15,[1.0],d8a8da2f-b0b0-4121-82c9-e65b6e545363,10.1016/j.fluid.2014.01.028,1.0,293.15,,Document_1,"(1.0,)",1.0,,,"(('Water',), 293.15, 'd8a8da2f-b0b0-4121-82c9-e65b6e545363')",0.0009836,4.917999999999999e-06,1.0,0.7142857142857144,s,measured
['Water'],viscosity,0.0012739000000000001,6.3695e-06,283.15,[1.0],2e1b5006-95b9-47d7-aa61-653295938250,10.1016/j.fluid.2014.01.028,1.0,283.15,,Document_1,"(1.0,)",1.0,,,"(('Water',), 283.15, '2e1b5006-95b9-47d7-aa61-653295938250')",0.0012739000000000001,6.3695e-06,1.0,0.7142857142857144,s,measured
['Water'],viscosity,0.0006492,3.2460000000000003e-06,313.15,[1.0],170ec3fa-aab2-48aa-8b14-79ea49566099,10.1016/j.fluid.2014.01.028,1.0,313.15,,Document_1,"(1.0,)",1.0,,,"(('Water',), 313.15, '170ec3fa-aab2-48aa-8b14-79ea49566099')",0.0006492,3.2460000000000003e-06,1.0,0.7142857142857144,s,measured
['Water'],viscosity,0.0007914,3.9569999999999996e-06,303.15,[1.0],4ec61695-4b83-46fc-9dec-5bc85cf8cc67,10.1016/j.fluid.2014.01.028,1.0,303.15,,Document_1,"(1.0,)",1.0,,,"(('Water',), 303.15, '4ec61695-4b83-46fc-9dec-5bc85cf8cc67')",0.0007914,3.9569999999999996e-06,1.0,0.7142857142857144,s,measured
['Water'],viscosity,0.000477,2.385e-06,333.15,[1.0],f5446c46-9beb-47d1-ba37-b5e0d0e6c5fa,10.1016/j.fluid.2014.01.028,1.0,333.15,,Document_1,"(1.0,)",1.0,,,"(('Water',), 333.15, 'f5446c46-9beb-47d1-ba37-b5e0d0e6c5fa')",0.000477,2.385e-06,1.0,0.7142857142857144,s,measured
['Water'],viscosity,0.0004354,2.177e-06,343.15,[1.0],61e2a120-4348-436c-99f7-857a403d27ce,10.1016/j.fluid.2014.01.028,1.0,343.15,,Document_1,"(1.0,)",1.0,,,"(('Water',), 343.15, '61e2a120-4348-436c-99f7-857a403d27ce')",0.0004354,2.177e-06,1.0,0.7142857142857144,s,measured
['Water'],viscosity,0.000386,1.93e-06,353.15,[1.0],d85a7ed3-f8e6-41d7-a755-553b56e449f8,10.1016/j.fluid.2014.01.028,1.0,353.15,,Document_1,"(1.0,)",1.0,,,"(('Water',), 353.15, 'd85a7ed3-f8e6-41d7-a755-553b56e449f8')",0.000386,1.93e-06,1.0,0.7142857142857144,s,measured
['Water'],viscosity,0.0005487,2.7434999999999997e-06,323.15,[1.0],e819ea40-ced3-4659-a4f0-586f97662067,10.1016/j.fluid.2014.01.028,1.0,323.15,,Document_1,"(1.0,)",1.0,,,"(('Water',), 323.15, 'e819ea40-ced3-4659-a4f0-586f97662067')",0.0005487,2.7434999999999997e-06,1.0,0.7142857142857144,s,measured
['Water'],viscosity,0.0003306,1.6529999999999999e-06,363.15,[1.0],82d6fda3-8242-4fb6-88d2-c1e3ee450e0c,10.1016/j.fluid.2014.01.028,1.0,363.15,,Document_1,"(1.0,)",1.0,,,"(('Water',), 363.15, '82d6fda3-8242-4fb6-88d2-c1e3ee450e0c')",0.0003306,1.6529999999999999e-06,1.0,0.7142857142857144,s,measured
"['Choline Chloride', 'Glycerol', 'Water']",viscosity,0.0015753999999999998,7.877000000000001e-06,283.15,"[0.006033333333, 0.012066666667, 0.9819]",118c8a1a-4499-42cb-90bc-8f14c7d918f0,10.1016/j.fluid.2014.01.028,0.9819,283.15,2.0,Document_1,"(0.006, 0.012, 0.982)",0.006,0.012,0.982,"(('Choline Chloride', 'Glycerol', 'Water'), 283.15, '118c8a1a-4499-42cb-90bc-8f14c7d918f0')",0.0015753999999999998,7.877000000000001e-06,0.9819,0.7142857142857144,s,measured
"['Choline Chloride', 'Glycerol', 'Water']",viscosity,0.0005652000000000001,2.826e-06,333.15,"[0.006033333333, 0.012066666667, 0.9819]",3a6d2784-d836-4ba9-ba80-23e8faf1a73c,10.1016/j.fluid.2014.01.028,0.9819,333.15,2.0,Document_1,"(0.006, 0.012, 0.982)",0.006,0.012,0.982,"(('Choline Chloride', 'Glycerol', 'Water'), 333.15, '3a6d2784-d836-4ba9-ba80-23e8faf1a73c')",0.0005652000000000001,2.826e-06,0.9819,0.7142857142857144,s,measured
"['Choline Chloride', 'Glycerol', 'Water']",viscosity,0.0004876,2.438e-06,343.15,"[0.006033333333, 0.012066666667, 0.9819]",ffd95bed-9aa7-47fc-bbbc-f59fe120d20f,10.1016/j.fluid.2014.01.028,0.9819,343.15,2.0,Document_1,"(0.006, 0.012, 0.982)",0.006,0.012,0.982,"(('Choline Chloride', 'Glycerol', 'Water'), 343.15, 'ffd95bed-9aa7-47fc-bbbc-f59fe120d20f')",0.0004876,2.438e-06,0.9819,0.7142857142857144,s,measured
"['Choline Chloride', 'Glycerol', 'Water']",viscosity,0.0004353,2.1765000000000003e-06,353.15,"[0.006033333333, 0.012066666667, 0.9819]",6fa5c0b8-a74d-4b07-9c1c-c0785eb48014,10.1016/j.fluid.2014.01.028,0.9819,353.15,2.0,Document_1,"(0.006, 0.012, 0.982)",0.006,0.012,0.982,"(('Choline Chloride', 'Glycerol', 'Water'), 353.15, '6fa5c0b8-a74d-4b07-9c1c-c0785eb48014')",0.0004353,2.1765000000000003e-06,0.9819,0.7142857142857144,s,measured
"['Choline Chloride', 'Glycerol', 'Water']",viscosity,0.0009611,4.8055e-06,303.15,"[0.006033333333, 0.012066666667, 0.9819]",d6be8b51-acca-44d2-b019-12c3bbc830fb,10.1016/j.fluid.2014.01.028,0.9819,303.15,2.0,Document_1,"(0.006, 0.012, 0.982)",0.006,0.012,0.982,"(('Choline Chloride', 'Glycerol', 'Water'), 303.15, 'd6be8b51-acca-44d2-b019-12c3bbc830fb')",0.0009611,4.8055e-06,0.9819,0.7142857142857144,s,measured
"['Choline Chloride', 'Glycerol', 'Water']",viscosity,0.0012064999999999999,6.032499999999999e-06,293.15,"[0.006033333333, 0.012066666667, 0.9819]",1c5dcd2c-6520-48d9-ae53-0a94016bac27,10.1016/j.fluid.2014.01.028,0.9819,293.15,2.0,Document_1,"(0.006, 0.012, 0.982)",0.006,0.012,0.982,"(('Choline Chloride', 'Glycerol', 'Water'), 293.15, '1c5dcd2c-6520-48d9-ae53-0a94016bac27')",0.0012064999999999999,6.032499999999999e-06,0.9819,0.7142857142857144,s,measured
"['Choline Chloride', 'Glycerol', 'Water']",viscosity,0.0007902,3.951e-06,313.15,"[0.006033333333, 0.012066666667, 0.9819]",4971faf4-4ed7-4b77-9b42-265549082c3a,10.1016/j.fluid.2014.01.028,0.9819,313.15,2.0,Document_1,"(0.006, 0.012, 0.982)",0.006,0.012,0.982,"(('Choline Chloride', 'Glycerol', 'Water'), 313.15, '4971faf4-4ed7-4b77-9b42-265549082c3a')",0.0007902,3.951e-06,0.9819,0.7142857142857144,s,measured
"['Choline Chloride', 'Glycerol', 'Water']",viscosity,0.0003862,1.931e-06,363.15,"[0.006033333333, 0.012066666667, 0.9819]",f15006cf-0b29-40b2-a71a-207af10845ca,10.1016/j.fluid.2014.01.028,0.9819,363.15,2.0,Document_1,"(0.006, 0.012, 0.982)",0.006,0.012,0.982,"(('Choline Chloride', 'Glycerol', 'Water'), 363.15, 'f15006cf-0b29-40b2-a71a-207af10845ca')",0.0003862,1.931e-06,0.9819,0.7142857142857144,s,measured
"['Choline Chloride', 'Glycerol', 'Water']",viscosity,0.0006578,3.2889999999999998e-06,323.15,"[0.006033333333, 0.012066666667, 0.9819]",1276080f-236b-4f71-bf30-58fdaf2bebef,10.1016/j.fluid.2014.01.028,0.9819,323.15,2.0,Document_1,"(0.006, 0.012, 0.982)",0.006,0.012,0.982,"(('Choline Chloride', 'Glycerol', 'Water'), 323.15, '1276080f-236b-4f71-bf30-58fdaf2bebef')",0.0006578,3.2889999999999998e-06,0.9819,0.7142857142857144,s,measured
"['Choline Chloride', 'Glycerol', 'Water']",viscosity,0.0004654,2.327e-06,363.15,"[0.013266666667, 0.026533333333, 0.9602]",fee6a37c-8807-4138-abaa-2bebcd116c99,10.1016/j.fluid.2014.01.028,0.9602,363.15,2.0,Document_1,"(0.013, 0.027, 0.96)",0.013,0.027,0.96,"(('Choline Chloride', 'Glycerol', 'Water'), 363.15, 'fee6a37c-8807-4138-abaa-2bebcd116c99')",0.0004654,2.327e-06,0.9602,0.7142857142857144,s,measured
"['Choline Chloride', 'Glycerol', 'Water']",viscosity,0.0006006000000000001,3.003e-06,343.15,"[0.013266666667, 0.026533333333, 0.9602]",6f2359d8-b31b-43e4-bb84-d3103d969be0,10.1016/j.fluid.2014.01.028,0.9602,343.15,2.0,Document_1,"(0.013, 0.027, 0.96)",0.013,0.027,0.96,"(('Choline Chloride', 'Glycerol', 'Water'), 343.15, '6f2359d8-b31b-43e4-bb84-d3103d969be0')",0.0006006000000000001,3.003e-06,0.9602,0.7142857142857144,s,measured
"['Choline Chloride', 'Glycerol', 'Water']",viscosity,0.0020141,1.00705e-05,283.15,"[0.013266666667, 0.026533333333, 0.9602]",2c47d9b7-4dcd-4f01-be54-db2c0fbb106a,10.1016/j.fluid.2014.01.028,0.9602,283.15,2.0,Document_1,"(0.013, 0.027, 0.96)",0.013,0.027,0.96,"(('Choline Chloride', 'Glycerol', 'Water'), 283.15, '2c47d9b7-4dcd-4f01-be54-db2c0fbb106a')",0.0020141,1.00705e-05,0.9602,0.7142857142857144,s,measured
"['Choline Chloride', 'Glycerol', 'Water']",viscosity,0.0015294,7.647e-06,293.15,"[0.013266666667, 0.026533333333, 0.9602]",1421d58a-69fa-43a6-b096-11bf1d79b96c,10.1016/j.fluid.2014.01.028,0.9602,293.15,2.0,Document_1,"(0.013, 0.027, 0.96)",0.013,0.027,0.96,"(('Choline Chloride', 'Glycerol', 'Water'), 293.15, '1421d58a-69fa-43a6-b096-11bf1d79b96c')",0.0015294,7.647e-06,0.9602,0.7142857142857144,s,measured
"['Choline Chloride', 'Glycerol', 'Water']",viscosity,0.0009808,4.904e-06,313.15,"[0.013266666667, 0.026533333333, 0.9602]",d3a7440f-9e17-42cc-864c-a4c1ed6d5345,10.1016/j.fluid.2014.01.028,0.9602,313.15,2.0,Document_1,"(0.013, 0.027, 0.96)",0.013,0.027,0.96,"(('Choline Chloride', 'Glycerol', 'Water'), 313.15, 'd3a7440f-9e17-42cc-864c-a4c1ed6d5345')",0.0009808,4.904e-06,0.9602,0.7142857142857144,s,measured
"['Choline Chloride', 'Glycerol', 'Water']",viscosity,0.0006998999999999999,3.4995e-06,333.15,"[0.013266666667, 0.026533333333, 0.9602]",481a2521-ea1c-42be-abb9-e5f75e00cd87,10.1016/j.fluid.2014.01.028,0.9602,333.15,2.0,Document_1,"(0.013, 0.027, 0.96)",0.013,0.027,0.96,"(('Choline Chloride', 'Glycerol', 'Water'), 333.15, '481a2521-ea1c-42be-abb9-e5f75e00cd87')",0.0006998999999999999,3.4995e-06,0.9602,0.7142857142857144,s,measured
"['Choline Chloride', 'Glycerol', 'Water']",viscosity,0.0005212,2.6059999999999997e-06,353.15,"[0.013266666667, 0.026533333333, 0.9602]",1c200b88-8499-4534-b024-56f2ab76ced5,10.1016/j.fluid.2014.01.028,0.9602,353.15,2.0,Document_1,"(0.013, 0.027, 0.96)",0.013,0.027,0.96,"(('Choline Chloride', 'Glycerol', 'Water'), 353.15, '1c200b88-8499-4534-b024-56f2ab76ced5')",0.0005212,2.6059999999999997e-06,0.9602,0.7142857142857144,s,measured
"['Choline Chloride', 'Glycerol', 'Water']",viscosity,0.0012059,6.0295000000000005e-06,303.15,"[0.013266666667, 0.026533333333, 0.9602]",d1a61d82-a2ad-4c32-a02d-2949ff780e79,10.1016/j.fluid.2014.01.028,0.9602,303.15,2.0,Document_1,"(0.013, 0.027, 0.96)",0.013,0.027,0.96,"(('Choline Chloride', 'Glycerol', 'Water'), 303.15, 'd1a61d82-a2ad-4c32-a02d-2949ff780e79')",0.0012059,6.0295000000000005e-06,0.9602,0.7142857142857144,s,measured
"['Choline Chloride', 'Glycerol', 'Water']",viscosity,0.0008193,4.0965000000000005e-06,323.15,"[0.013266666667, 0.026533333333, 0.9602]",9543a9d5-1c46-4b7d-b4cc-36f2cd82aea2,10.1016/j.fluid.2014.01.028,0.9602,323.15,2.0,Document_1,"(0.013, 0.027, 0.96)",0.013,0.027,0.96,"(('Choline Chloride', 'Glycerol', 'Water'), 323.15, '9543a9d5-1c46-4b7d-b4cc-36f2cd82aea2')",0.0008193,4.0965000000000005e-06,0.9602,0.7142857142857144,s,measured
"['Choline Chloride', 'Glycerol', 'Water']",viscosity,0.0008829,4.4145e-06,333.15,"[0.022166666667, 0.044333333333, 0.9335]",9e2df444-eeab-459f-adf0-64f974f5cc31,10.1016/j.fluid.2014.01.028,0.9335,333.15,2.0,Document_1,"(0.022, 0.044, 0.933)",0.022,0.044,0.933,"(('Choline Chloride', 'Glycerol', 'Water'), 333.15, '9e2df444-eeab-459f-adf0-64f974f5cc31')",0.0008829,4.4145e-06,0.9335,0.7142857142857144,s,measured
"['Choline Chloride', 'Glycerol', 'Water']",viscosity,0.0006145,3.0725000000000002e-06,363.15,"[0.022166666667, 0.044333333333, 0.9335]",e8895e18-ff08-4a9a-bfda-c4f99442f89b,10.1016/j.fluid.2014.01.028,0.9335,363.15,2.0,Document_1,"(0.022, 0.044, 0.933)",0.022,0.044,0.933,"(('Choline Chloride', 'Glycerol', 'Water'), 363.15, 'e8895e18-ff08-4a9a-bfda-c4f99442f89b')",0.0006145,3.0725000000000002e-06,0.9335,0.7142857142857144,s,measured
"['Choline Chloride', 'Glycerol', 'Water']",viscosity,0.0006654,3.327e-06,353.15,"[0.022166666667, 0.044333333333, 0.9335]",fad81452-79d1-42d6-b08a-d734610f6ec9,10.1016/j.fluid.2014.01.028,0.9335,353.15,2.0,Document_1,"(0.022, 0.044, 0.933)",0.022,0.044,0.933,"(('Choline Chloride', 'Glycerol', 'Water'), 353.15, 'fad81452-79d1-42d6-b08a-d734610f6ec9')",0.0006654,3.327e-06,0.9335,0.7142857142857144,s,measured
"['Choline Chloride', 'Glycerol', 'Water']",viscosity,0.0012652000000000002,6.326e-06,313.15,"[0.022166666667, 0.044333333333, 0.9335]",b592bbd0-b62a-4059-9115-626598ff8b08,10.1016/j.fluid.2014.01.028,0.9335,313.15,2.0,Document_1,"(0.022, 0.044, 0.933)",0.022,0.044,0.933,"(('Choline Chloride', 'Glycerol', 'Water'), 313.15, 'b592bbd0-b62a-4059-9115-626598ff8b08')",0.0012652000000000002,6.326e-06,0.9335,0.7142857142857144,s,measured
"['Choline Chloride', 'Glycerol', 'Water']",viscosity,0.0020191,1.00955e-05,293.15,"[0.022166666667, 0.044333333333, 0.9335]",dd89d274-bc47-42fb-808b-6017096fb623,10.1016/j.fluid.2014.01.028,0.9335,293.15,2.0,Document_1,"(0.022, 0.044, 0.933)",0.022,0.044,0.933,"(('Choline Chloride', 'Glycerol', 'Water'), 293.15, 'dd89d274-bc47-42fb-808b-6017096fb623')",0.0020191,1.00955e-05,0.9335,0.7142857142857144,s,measured
"['Choline Chloride', 'Glycerol', 'Water']",viscosity,0.0007359,3.6795e-06,343.15,"[0.022166666667, 0.044333333333, 0.9335]",2e577095-ece7-4e1f-8446-364be1480342,10.1016/j.fluid.2014.01.028,0.9335,343.15,2.0,Document_1,"(0.022, 0.044, 0.933)",0.022,0.044,0.933,"(('Choline Chloride', 'Glycerol', 'Water'), 343.15, '2e577095-ece7-4e1f-8446-364be1480342')",0.0007359,3.6795e-06,0.9335,0.7142857142857144,s,measured
"['Choline Chloride', 'Glycerol', 'Water']",viscosity,0.0015742,7.871e-06,303.15,"[0.022166666667, 0.044333333333, 0.9335]",1c501cb4-a3d9-416e-a34d-d6d7ac7681f7,10.1016/j.fluid.2014.01.028,0.9335,303.15,2.0,Document_1,"(0.022, 0.044, 0.933)",0.022,0.044,0.933,"(('Choline Chloride', 'Glycerol', 'Water'), 303.15, '1c501cb4-a3d9-416e-a34d-d6d7ac7681f7')",0.0015742,7.871e-06,0.9335,0.7142857142857144,s,measured
"['Choline Chloride', 'Glycerol', 'Water']",viscosity,0.0010444,5.222e-06,323.15,"[0.022166666667, 0.044333333333, 0.9335]",26c54ad1-c0c4-4a51-adb2-d93dcb273198,10.1016/j.fluid.2014.01.028,0.9335,323.15,2.0,Document_1,"(0.022, 0.044, 0.933)",0.022,0.044,0.933,"(('Choline Chloride', 'Glycerol', 'Water'), 323.15, '26c54ad1-c0c4-4a51-adb2-d93dcb273198')",0.0010444,5.222e-06,0.9335,0.7142857142857144,s,measured
"['Choline Chloride', 'Glycerol', 'Water']",viscosity,0.0026941,1.34705e-05,283.15,"[0.022166666667, 0.044333333333, 0.9335]",d9f30341-ff04-4cb5-9941-cbac94a84b23,10.1016/j.fluid.2014.01.028,0.9335,283.15,2.0,Document_1,"(0.022, 0.044, 0.933)",0.022,0.044,0.933,"(('Choline Chloride', 'Glycerol', 'Water'), 283.15, 'd9f30341-ff04-4cb5-9941-cbac94a84b23')",0.0026941,1.34705e-05,0.9335,0.7142857142857144,s,measured
"['Choline Chloride', 'Glycerol', 'Water']",viscosity,0.0007702,3.851e-06,363.15,"[0.033100000000000004, 0.06620000000000001, 0.9007000000000001]",edc850bc-899f-4852-a335-2b086011eb9f,10.1016/j.fluid.2014.01.028,0.9007,363.15,2.0,Document_1,"(0.033, 0.066, 0.901)",0.033,0.066,0.901,"(('Choline Chloride', 'Glycerol', 'Water'), 363.15, 'edc850bc-899f-4852-a335-2b086011eb9f')",0.0007702,3.851e-06,0.9007000000000001,0.7142857142857144,s,measured
"['Choline Chloride', 'Glycerol', 'Water']",viscosity,0.0028657,1.4328499999999998e-05,293.15,"[0.033100000000000004, 0.06620000000000001, 0.9007000000000001]",7629228c-17f3-4d32-a5a2-98a918ad455d,10.1016/j.fluid.2014.01.028,0.9007,293.15,2.0,Document_1,"(0.033, 0.066, 0.901)",0.033,0.066,0.901,"(('Choline Chloride', 'Glycerol', 'Water'), 293.15, '7629228c-17f3-4d32-a5a2-98a918ad455d')",0.0028657,1.4328499999999998e-05,0.9007000000000001,0.7142857142857144,s,measured
"['Choline Chloride', 'Glycerol', 'Water']",viscosity,0.0017433000000000001,8.7165e-06,313.15,"[0.033100000000000004, 0.06620000000000001, 0.9007000000000001]",7bd89b24-e91f-45b4-9fe3-4f538ac0adb7,10.1016/j.fluid.2014.01.028,0.9007,313.15,2.0,Document_1,"(0.033, 0.066, 0.901)",0.033,0.066,0.901,"(('Choline Chloride', 'Glycerol', 'Water'), 313.15, '7bd89b24-e91f-45b4-9fe3-4f538ac0adb7')",0.0017433000000000001,8.7165e-06,0.9007000000000001,0.7142857142857144,s,measured
"['Choline Chloride', 'Glycerol', 'Water']",viscosity,0.0021977000000000003,1.09885e-05,303.15,"[0.033100000000000004, 0.06620000000000001, 0.9007000000000001]",b9bba5ee-5ce5-4918-bad8-a99fb3e4067f,10.1016/j.fluid.2014.01.028,0.9007,303.15,2.0,Document_1,"(0.033, 0.066, 0.901)",0.033,0.066,0.901,"(('Choline Chloride', 'Glycerol', 'Water'), 303.15, 'b9bba5ee-5ce5-4918-bad8-a99fb3e4067f')",0.0021977000000000003,1.09885e-05,0.9007000000000001,0.7142857142857144,s,measured
"['Choline Chloride', 'Glycerol', 'Water']",viscosity,0.0014169,7.0845e-06,323.15,"[0.033100000000000004, 0.06620000000000001, 0.9007000000000001]",1402a378-f087-4f46-9be1-cba129ee2e52,10.1016/j.fluid.2014.01.028,0.9007,323.15,2.0,Document_1,"(0.033, 0.066, 0.901)",0.033,0.066,0.901,"(('Choline Chloride', 'Glycerol', 'Water'), 323.15, '1402a378-f087-4f46-9be1-cba129ee2e52')",0.0014169,7.0845e-06,0.9007000000000001,0.7142857142857144,s,measured
"['Choline Chloride', 'Glycerol', 'Water']",viscosity,0.0011824,5.9119999999999995e-06,333.15,"[0.033100000000000004, 0.06620000000000001, 0.9007000000000001]",2c37e020-6b8d-4540-bcf8-33221ecac2ad,10.1016/j.fluid.2014.01.028,0.9007,333.15,2.0,Document_1,"(0.033, 0.066, 0.901)",0.033,0.066,0.901,"(('Choline Chloride', 'Glycerol', 'Water'), 333.15, '2c37e020-6b8d-4540-bcf8-33221ecac2ad')",0.0011824,5.9119999999999995e-06,0.9007000000000001,0.7142857142857144,s,measured
"['Choline Chloride', 'Glycerol', 'Water']",viscosity,0.001004,5.02e-06,343.15,"[0.033100000000000004, 0.06620000000000001, 0.9007000000000001]",88a22a9c-ad01-4984-978d-35fb2e7e3ff6,10.1016/j.fluid.2014.01.028,0.9007,343.15,2.0,Document_1,"(0.033, 0.066, 0.901)",0.033,0.066,0.901,"(('Choline Chloride', 'Glycerol', 'Water'), 343.15, '88a22a9c-ad01-4984-978d-35fb2e7e3ff6')",0.001004,5.02e-06,0.9007000000000001,0.7142857142857144,s,measured
"['Choline Chloride', 'Glycerol', 'Water']",viscosity,0.0008822,4.411e-06,353.15,"[0.033100000000000004, 0.06620000000000001, 0.9007000000000001]",b06dda70-3258-48f6-a270-bed6690ec13b,10.1016/j.fluid.2014.01.028,0.9007,353.15,2.0,Document_1,"(0.033, 0.066, 0.901)",0.033,0.066,0.901,"(('Choline Chloride', 'Glycerol', 'Water'), 353.15, 'b06dda70-3258-48f6-a270-bed6690ec13b')",0.0008822,4.411e-06,0.9007000000000001,0.7142857142857144,s,measured
"['Choline Chloride', 'Glycerol', 'Water']",viscosity,0.0038894000000000003,1.9447e-05,283.15,"[0.033100000000000004, 0.06620000000000001, 0.9007000000000001]",2368a20d-8b0e-421f-b869-285e48d70f6b,10.1016/j.fluid.2014.01.028,0.9007,283.15,2.0,Document_1,"(0.033, 0.066, 0.901)",0.033,0.066,0.901,"(('Choline Chloride', 'Glycerol', 'Water'), 283.15, '2368a20d-8b0e-421f-b869-285e48d70f6b')",0.0038894000000000003,1.9447e-05,0.9007000000000001,0.7142857142857144,s,measured
"['Choline Chloride', 'Glycerol', 'Water']",viscosity,0.004351600000000001,2.1758e-05,293.15,"[0.047533333333, 0.095066666667, 0.8574]",b493331b-dccb-4c0e-8953-33e93fc1e74c,10.1016/j.fluid.2014.01.028,0.8574,293.15,2.0,Document_1,"(0.048, 0.095, 0.857)",0.048,0.095,0.857,"(('Choline Chloride', 'Glycerol', 'Water'), 293.15, 'b493331b-dccb-4c0e-8953-33e93fc1e74c')",0.004351600000000001,2.1758e-05,0.8574,0.7142857142857144,s,measured
"['Choline Chloride', 'Glycerol', 'Water']",viscosity,0.0060668,3.0334e-05,283.15,"[0.047533333333, 0.095066666667, 0.8574]",daf85f7d-d27c-4284-9cd4-6b233190dfe3,10.1016/j.fluid.2014.01.028,0.8574,283.15,2.0,Document_1,"(0.048, 0.095, 0.857)",0.048,0.095,0.857,"(('Choline Chloride', 'Glycerol', 'Water'), 283.15, 'daf85f7d-d27c-4284-9cd4-6b233190dfe3')",0.0060668,3.0334e-05,0.8574,0.7142857142857144,s,measured
"['Choline Chloride', 'Glycerol', 'Water']",viscosity,0.0032576000000000003,1.6288e-05,303.15,"[0.047533333333, 0.095066666667, 0.8574]",434a632a-167e-4567-ab21-08e7e167ed27,10.1016/j.fluid.2014.01.028,0.8574,303.15,2.0,Document_1,"(0.048, 0.095, 0.857)",0.048,0.095,0.857,"(('Choline Chloride', 'Glycerol', 'Water'), 303.15, '434a632a-167e-4567-ab21-08e7e167ed27')",0.0032576000000000003,1.6288e-05,0.8574,0.7142857142857144,s,measured
"['Choline Chloride', 'Glycerol', 'Water']",viscosity,0.0013842000000000001,6.921e-06,343.15,"[0.047533333333, 0.095066666667, 0.8574]",3518a87d-4626-46af-97ba-d756cf7ca561,10.1016/j.fluid.2014.01.028,0.8574,343.15,2.0,Document_1,"(0.048, 0.095, 0.857)",0.048,0.095,0.857,"(('Choline Chloride', 'Glycerol', 'Water'), 343.15, '3518a87d-4626-46af-97ba-d756cf7ca561')",0.0013842000000000001,6.921e-06,0.8574,0.7142857142857144,s,measured
"['Choline Chloride', 'Glycerol', 'Water']",viscosity,0.0016547,8.2735e-06,333.15,"[0.047533333333, 0.095066666667, 0.8574]",eef31a4c-46df-403a-9c2e-355a2e20faea,10.1016/j.fluid.2014.01.028,0.8574,333.15,2.0,Document_1,"(0.048, 0.095, 0.857)",0.048,0.095,0.857,"(('Choline Chloride', 'Glycerol', 'Water'), 333.15, 'eef31a4c-46df-403a-9c2e-355a2e20faea')",0.0016547,8.2735e-06,0.8574,0.7142857142857144,s,measured
"['Choline Chloride', 'Glycerol', 'Water']",viscosity,0.0020196,1.0097999999999999e-05,323.15,"[0.047533333333, 0.095066666667, 0.8574]",535b7086-1ad0-49ed-960f-c2cf39a939dd,10.1016/j.fluid.2014.01.028,0.8574,323.15,2.0,Document_1,"(0.048, 0.095, 0.857)",0.048,0.095,0.857,"(('Choline Chloride', 'Glycerol', 'Water'), 323.15, '535b7086-1ad0-49ed-960f-c2cf39a939dd')",0.0020196,1.0097999999999999e-05,0.8574,0.7142857142857144,s,measured
"['Choline Chloride', 'Glycerol', 'Water']",viscosity,0.0025277,1.2638500000000001e-05,313.15,"[0.047533333333, 0.095066666667, 0.8574]",c2e20ab2-b22e-45d3-96f3-eaca292f3c83,10.1016/j.fluid.2014.01.028,0.8574,313.15,2.0,Document_1,"(0.048, 0.095, 0.857)",0.048,0.095,0.857,"(('Choline Chloride', 'Glycerol', 'Water'), 313.15, 'c2e20ab2-b22e-45d3-96f3-eaca292f3c83')",0.0025277,1.2638500000000001e-05,0.8574,0.7142857142857144,s,measured
"['Choline Chloride', 'Glycerol', 'Water']",viscosity,0.0011855,5.9274999999999996e-06,353.15,"[0.047533333333, 0.095066666667, 0.8574]",48718462-2e73-43ee-af02-24ba6a04c541,10.1016/j.fluid.2014.01.028,0.8574,353.15,2.0,Document_1,"(0.048, 0.095, 0.857)",0.048,0.095,0.857,"(('Choline Chloride', 'Glycerol', 'Water'), 353.15, '48718462-2e73-43ee-af02-24ba6a04c541')",0.0011855,5.9274999999999996e-06,0.8574,0.7142857142857144,s,measured
"['Choline Chloride', 'Glycerol', 'Water']",viscosity,0.0010262,5.1310000000000005e-06,363.15,"[0.047533333333, 0.095066666667, 0.8574]",039b652e-0d94-4e8d-bdde-8764b88996b0,10.1016/j.fluid.2014.01.028,0.8574,363.15,2.0,Document_1,"(0.048, 0.095, 0.857)",0.048,0.095,0.857,"(('Choline Chloride', 'Glycerol', 'Water'), 363.15, '039b652e-0d94-4e8d-bdde-8764b88996b0')",0.0010262,5.1310000000000005e-06,0.8574,0.7142857142857144,s,measured
"['Choline Chloride', 'Glycerol', 'Water']",viscosity,0.011318199999999999,5.6591e-05,283.15,"[0.066766666667, 0.133533333333, 0.7997]",00d564c1-3d50-4cb0-8e90-3425e2335981,10.1016/j.fluid.2014.01.028,0.7997,283.15,2.0,Document_1,"(0.067, 0.134, 0.8)",0.067,0.134,0.8,"(('Choline Chloride', 'Glycerol', 'Water'), 283.15, '00d564c1-3d50-4cb0-8e90-3425e2335981')",0.011318199999999999,5.6591e-05,0.7997,0.7142857142857144,s,measured
"['Choline Chloride', 'Glycerol', 'Water']",viscosity,0.0019711,9.855499999999999e-06,343.15,"[0.066766666667, 0.133533333333, 0.7997]",ad00b3fc-9d27-4691-9c17-3caa9886269f,10.1016/j.fluid.2014.01.028,0.7997,343.15,2.0,Document_1,"(0.067, 0.134, 0.8)",0.067,0.134,0.8,"(('Choline Chloride', 'Glycerol', 'Water'), 343.15, 'ad00b3fc-9d27-4691-9c17-3caa9886269f')",0.0019711,9.855499999999999e-06,0.7997,0.7142857142857144,s,measured
"['Choline Chloride', 'Glycerol', 'Water']",viscosity,0.0024062999999999997,1.20315e-05,333.15,"[0.066766666667, 0.133533333333, 0.7997]",e3675ebb-6388-464b-b287-9d891f0393c0,10.1016/j.fluid.2014.01.028,0.7997,333.15,2.0,Document_1,"(0.067, 0.134, 0.8)",0.067,0.134,0.8,"(('Choline Chloride', 'Glycerol', 'Water'), 333.15, 'e3675ebb-6388-464b-b287-9d891f0393c0')",0.0024062999999999997,1.20315e-05,0.7997,0.7142857142857144,s,measured
"['Choline Chloride', 'Glycerol', 'Water']",viscosity,0.0013986,6.993e-06,363.15,"[0.066766666667, 0.133533333333, 0.7997]",0530b618-5c66-4873-aafc-3c94b9554faf,10.1016/j.fluid.2014.01.028,0.7997,363.15,2.0,Document_1,"(0.067, 0.134, 0.8)",0.067,0.134,0.8,"(('Choline Chloride', 'Glycerol', 'Water'), 363.15, '0530b618-5c66-4873-aafc-3c94b9554faf')",0.0013986,6.993e-06,0.7997,0.7142857142857144,s,measured
"['Choline Chloride', 'Glycerol', 'Water']",viscosity,0.0030074999999999998,1.5037500000000001e-05,323.15,"[0.066766666667, 0.133533333333, 0.7997]",f348bf17-4a08-444f-b90b-6377f5e8b882,10.1016/j.fluid.2014.01.028,0.7997,323.15,2.0,Document_1,"(0.067, 0.134, 0.8)",0.067,0.134,0.8,"(('Choline Chloride', 'Glycerol', 'Water'), 323.15, 'f348bf17-4a08-444f-b90b-6377f5e8b882')",0.0030074999999999998,1.5037500000000001e-05,0.7997,0.7142857142857144,s,measured
"['Choline Chloride', 'Glycerol', 'Water']",viscosity,0.0056438,2.8219000000000002e-05,303.15,"[0.066766666667, 0.133533333333, 0.7997]",70610fd4-0b33-4ee9-9501-5bf3b6974530,10.1016/j.fluid.2014.01.028,0.7997,303.15,2.0,Document_1,"(0.067, 0.134, 0.8)",0.067,0.134,0.8,"(('Choline Chloride', 'Glycerol', 'Water'), 303.15, '70610fd4-0b33-4ee9-9501-5bf3b6974530')",0.0056438,2.8219000000000002e-05,0.7997,0.7142857142857144,s,measured
"['Choline Chloride', 'Glycerol', 'Water']",viscosity,0.0016472,8.236e-06,353.15,"[0.066766666667, 0.133533333333, 0.7997]",33e84041-7b91-4650-b195-d950be532271,10.1016/j.fluid.2014.01.028,0.7997,353.15,2.0,Document_1,"(0.067, 0.134, 0.8)",0.067,0.134,0.8,"(('Choline Chloride', 'Glycerol', 'Water'), 353.15, '33e84041-7b91-4650-b195-d950be532271')",0.0016472,8.236e-06,0.7997,0.7142857142857144,s,measured
"['Choline Chloride', 'Glycerol', 'Water']",viscosity,0.0038621,1.93105e-05,313.15,"[0.066766666667, 0.133533333333, 0.7997]",ffc2a43e-fafd-4642-8617-ec895f0b3d64,10.1016/j.fluid.2014.01.028,0.7997,313.15,2.0,Document_1,"(0.067, 0.134, 0.8)",0.067,0.134,0.8,"(('Choline Chloride', 'Glycerol', 'Water'), 313.15, 'ffc2a43e-fafd-4642-8617-ec895f0b3d64')",0.0038621,1.93105e-05,0.7997,0.7142857142857144,s,measured
"['Choline Chloride', 'Glycerol', 'Water']",viscosity,0.0076483,3.8241499999999996e-05,293.15,"[0.066766666667, 0.133533333333, 0.7997]",30ed27ed-9c08-4755-8ba9-b630207e3dcf,10.1016/j.fluid.2014.01.028,0.7997,293.15,2.0,Document_1,"(0.067, 0.134, 0.8)",0.067,0.134,0.8,"(('Choline Chloride', 'Glycerol', 'Water'), 293.15, '30ed27ed-9c08-4755-8ba9-b630207e3dcf')",0.0076483,3.8241499999999996e-05,0.7997,0.7142857142857144,s,measured
"['Choline Chloride', 'Glycerol', 'Water']",viscosity,0.014372600000000001,7.1863e-05,293.15,"[0.093366666667, 0.186733333333, 0.7199]",f4f1fbda-4035-40e4-a5c9-56036822eb19,10.1016/j.fluid.2014.01.028,0.7199,293.15,2.0,Document_1,"(0.093, 0.187, 0.72)",0.093,0.187,0.72,"(('Choline Chloride', 'Glycerol', 'Water'), 293.15, 'f4f1fbda-4035-40e4-a5c9-56036822eb19')",0.014372600000000001,7.1863e-05,0.7199,0.7142857142857144,s,measured
"['Choline Chloride', 'Glycerol', 'Water']",viscosity,0.021813700000000002,0.0001090685,283.15,"[0.093366666667, 0.186733333333, 0.7199]",c61615e9-8142-44ce-b646-5d48cfd30d02,10.1016/j.fluid.2014.01.028,0.7199,283.15,2.0,Document_1,"(0.093, 0.187, 0.72)",0.093,0.187,0.72,"(('Choline Chloride', 'Glycerol', 'Water'), 283.15, 'c61615e9-8142-44ce-b646-5d48cfd30d02')",0.021813700000000002,0.0001090685,0.7199,0.7142857142857144,s,measured
"['Choline Chloride', 'Glycerol', 'Water']",viscosity,0.0025716999999999997,1.28585e-05,353.15,"[0.093366666667, 0.186733333333, 0.7199]",1ef01b61-04aa-42ab-bc7b-08b8785e0265,10.1016/j.fluid.2014.01.028,0.7199,353.15,2.0,Document_1,"(0.093, 0.187, 0.72)",0.093,0.187,0.72,"(('Choline Chloride', 'Glycerol', 'Water'), 353.15, '1ef01b61-04aa-42ab-bc7b-08b8785e0265')",0.0025716999999999997,1.28585e-05,0.7199,0.7142857142857144,s,measured
"['Choline Chloride', 'Glycerol', 'Water']",viscosity,0.0031519,1.57595e-05,343.15,"[0.093366666667, 0.186733333333, 0.7199]",1c8d285d-f35a-4eed-a25d-f94cd277f37c,10.1016/j.fluid.2014.01.028,0.7199,343.15,2.0,Document_1,"(0.093, 0.187, 0.72)",0.093,0.187,0.72,"(('Choline Chloride', 'Glycerol', 'Water'), 343.15, '1c8d285d-f35a-4eed-a25d-f94cd277f37c')",0.0031519,1.57595e-05,0.7199,0.7142857142857144,s,measured
"['Choline Chloride', 'Glycerol', 'Water']",viscosity,0.0021425999999999997,1.0713e-05,363.15,"[0.093366666667, 0.186733333333, 0.7199]",4c277a69-df61-4e61-b9ab-0bfadb675538,10.1016/j.fluid.2014.01.028,0.7199,363.15,2.0,Document_1,"(0.093, 0.187, 0.72)",0.093,0.187,0.72,"(('Choline Chloride', 'Glycerol', 'Water'), 363.15, '4c277a69-df61-4e61-b9ab-0bfadb675538')",0.0021425999999999997,1.0713e-05,0.7199,0.7142857142857144,s,measured
"['Choline Chloride', 'Glycerol', 'Water']",viscosity,0.0070999,3.54995e-05,313.15,"[0.093366666667, 0.186733333333, 0.7199]",26b7988d-348d-4f78-9fbb-a5321b1a0c88,10.1016/j.fluid.2014.01.028,0.7199,313.15,2.0,Document_1,"(0.093, 0.187, 0.72)",0.093,0.187,0.72,"(('Choline Chloride', 'Glycerol', 'Water'), 313.15, '26b7988d-348d-4f78-9fbb-a5321b1a0c88')",0.0070999,3.54995e-05,0.7199,0.7142857142857144,s,measured
"['Choline Chloride', 'Glycerol', 'Water']",viscosity,0.010054800000000001,5.0274e-05,303.15,"[0.093366666667, 0.186733333333, 0.7199]",99ccdf57-9ce1-43c3-a6db-ffc880a9d5cd,10.1016/j.fluid.2014.01.028,0.7199,303.15,2.0,Document_1,"(0.093, 0.187, 0.72)",0.093,0.187,0.72,"(('Choline Chloride', 'Glycerol', 'Water'), 303.15, '99ccdf57-9ce1-43c3-a6db-ffc880a9d5cd')",0.010054800000000001,5.0274e-05,0.7199,0.7142857142857144,s,measured
"['Choline Chloride', 'Glycerol', 'Water']",viscosity,0.005076,2.538e-05,323.15,"[0.093366666667, 0.186733333333, 0.7199]",12665c5a-156e-49d6-add8-a6b19e513222,10.1016/j.fluid.2014.01.028,0.7199,323.15,2.0,Document_1,"(0.093, 0.187, 0.72)",0.093,0.187,0.72,"(('Choline Chloride', 'Glycerol', 'Water'), 323.15, '12665c5a-156e-49d6-add8-a6b19e513222')",0.005076,2.538e-05,0.7199,0.7142857142857144,s,measured
"['Choline Chloride', 'Glycerol', 'Water']",viscosity,0.0039458,1.9729e-05,333.15,"[0.093366666667, 0.186733333333, 0.7199]",7f6e39be-7b12-45d1-b948-eead0a6c7b54,10.1016/j.fluid.2014.01.028,0.7199,333.15,2.0,Document_1,"(0.093, 0.187, 0.72)",0.093,0.187,0.72,"(('Choline Chloride', 'Glycerol', 'Water'), 333.15, '7f6e39be-7b12-45d1-b948-eead0a6c7b54')",0.0039458,1.9729e-05,0.7199,0.7142857142857144,s,measured
"['Choline Chloride', 'Glycerol', 'Water']",viscosity,0.0213567,0.0001067835,303.15,"[0.134066666667, 0.268133333333, 0.5978]",876254c8-49fc-4e08-affc-cf046a2ec8b1,10.1016/j.fluid.2014.01.028,0.5978,303.15,2.0,Document_1,"(0.134, 0.268, 0.598)",0.134,0.268,0.598,"(('Choline Chloride', 'Glycerol', 'Water'), 303.15, '876254c8-49fc-4e08-affc-cf046a2ec8b1')",0.0213567,0.0001067835,0.5978,0.7142857142857144,s,measured
"['Choline Chloride', 'Glycerol', 'Water']",viscosity,0.0044946000000000005,2.2473e-05,353.15,"[0.134066666667, 0.268133333333, 0.5978]",494a5ad2-ab93-4dc2-b86a-c49d68262151,10.1016/j.fluid.2014.01.028,0.5978,353.15,2.0,Document_1,"(0.134, 0.268, 0.598)",0.134,0.268,0.598,"(('Choline Chloride', 'Glycerol', 'Water'), 353.15, '494a5ad2-ab93-4dc2-b86a-c49d68262151')",0.0044946000000000005,2.2473e-05,0.5978,0.7142857142857144,s,measured
"['Choline Chloride', 'Glycerol', 'Water']",viscosity,0.0036385000000000002,1.81925e-05,363.15,"[0.134066666667, 0.268133333333, 0.5978]",5c8a13eb-4e28-4cc6-b008-796074f272f1,10.1016/j.fluid.2014.01.028,0.5978,363.15,2.0,Document_1,"(0.134, 0.268, 0.598)",0.134,0.268,0.598,"(('Choline Chloride', 'Glycerol', 'Water'), 363.15, '5c8a13eb-4e28-4cc6-b008-796074f272f1')",0.0036385000000000002,1.81925e-05,0.5978,0.7142857142857144,s,measured
"['Choline Chloride', 'Glycerol', 'Water']",viscosity,0.0077082,3.8540999999999996e-05,333.15,"[0.134066666667, 0.268133333333, 0.5978]",276bbda6-f40c-46c1-8d88-fb39936a6771,10.1016/j.fluid.2014.01.028,0.5978,333.15,2.0,Document_1,"(0.134, 0.268, 0.598)",0.134,0.268,0.598,"(('Choline Chloride', 'Glycerol', 'Water'), 333.15, '276bbda6-f40c-46c1-8d88-fb39936a6771')",0.0077082,3.8540999999999996e-05,0.5978,0.7142857142857144,s,measured
"['Choline Chloride', 'Glycerol', 'Water']",viscosity,0.0546306,0.000273153,283.15,"[0.134066666667, 0.268133333333, 0.5978]",6ba98d42-f1ff-42f3-aafa-da5be4a29348,10.1016/j.fluid.2014.01.028,0.5978,283.15,2.0,Document_1,"(0.134, 0.268, 0.598)",0.134,0.268,0.598,"(('Choline Chloride', 'Glycerol', 'Water'), 283.15, '6ba98d42-f1ff-42f3-aafa-da5be4a29348')",0.0546306,0.000273153,0.5978,0.7142857142857144,s,measured
"['Choline Chloride', 'Glycerol', 'Water']",viscosity,0.014735,7.3675e-05,313.15,"[0.134066666667, 0.268133333333, 0.5978]",6317e525-47a9-4b59-88bf-3bf99c02acd3,10.1016/j.fluid.2014.01.028,0.5978,313.15,2.0,Document_1,"(0.134, 0.268, 0.598)",0.134,0.268,0.598,"(('Choline Chloride', 'Glycerol', 'Water'), 313.15, '6317e525-47a9-4b59-88bf-3bf99c02acd3')",0.014735,7.3675e-05,0.5978,0.7142857142857144,s,measured
"['Choline Chloride', 'Glycerol', 'Water']",viscosity,0.0106386,5.3193e-05,323.15,"[0.134066666667, 0.268133333333, 0.5978]",79b8f7ae-e6ff-4e1f-9871-705a2e9d6b3b,10.1016/j.fluid.2014.01.028,0.5978,323.15,2.0,Document_1,"(0.134, 0.268, 0.598)",0.134,0.268,0.598,"(('Choline Chloride', 'Glycerol', 'Water'), 323.15, '79b8f7ae-e6ff-4e1f-9871-705a2e9d6b3b')",0.0106386,5.3193e-05,0.5978,0.7142857142857144,s,measured
"['Choline Chloride', 'Glycerol', 'Water']",viscosity,0.032895600000000004,0.00016447800000000002,293.15,"[0.134066666667, 0.268133333333, 0.5978]",f06fb7a6-cd65-4073-a5d7-ee6342617bd1,10.1016/j.fluid.2014.01.028,0.5978,293.15,2.0,Document_1,"(0.134, 0.268, 0.598)",0.134,0.268,0.598,"(('Choline Chloride', 'Glycerol', 'Water'), 293.15, 'f06fb7a6-cd65-4073-a5d7-ee6342617bd1')",0.032895600000000004,0.00016447800000000002,0.5978,0.7142857142857144,s,measured
"['Choline Chloride', 'Glycerol', 'Water']",viscosity,0.005674800000000001,2.8374e-05,343.15,"[0.134066666667, 0.268133333333, 0.5978]",546fae54-8c11-4986-907d-09b3c337bb9e,10.1016/j.fluid.2014.01.028,0.5978,343.15,2.0,Document_1,"(0.134, 0.268, 0.598)",0.134,0.268,0.598,"(('Choline Chloride', 'Glycerol', 'Water'), 343.15, '546fae54-8c11-4986-907d-09b3c337bb9e')",0.005674800000000001,2.8374e-05,0.5978,0.7142857142857144,s,measured
"['Choline Chloride', 'Glycerol', 'Water']",viscosity,0.06487000000000001,,293.15,"[0.147363363, 0.294726726, 0.557909911]",3569c3fc-c9f5-4225-beb3-adcee67a7513,10.1039/c5cp01493j,0.557909911,293.15,2.0,Document_1,"(0.147, 0.295, 0.558)",0.147,0.295,0.558,"(('Choline Chloride', 'Glycerol', 'Water'), 293.15, '3569c3fc-c9f5-4225-beb3-adcee67a7513')",0.06487000000000001,,0.557909911,0.2,h,measured
"['Choline Chloride', 'Glycerol', 'Water']",viscosity,0.08670699999999999,,293.15,"[0.176314596667, 0.352629193333, 0.47105621]",43d63ba1-d072-419e-b7ca-af9f3cffcad0,10.1039/c5cp01493j,0.47105621,293.15,2.0,Document_1,"(0.176, 0.353, 0.471)",0.176,0.353,0.471,"(('Choline Chloride', 'Glycerol', 'Water'), 293.15, '43d63ba1-d072-419e-b7ca-af9f3cffcad0')",0.08670699999999999,,0.47105621,0.2,h,measured
"['Choline Chloride', 'Glycerol', 'Water']",viscosity,0.0171371,8.56855e-05,333.15,"[0.199266666667, 0.398533333333, 0.4022]",ffa22216-947a-4b55-9154-fc56ef91944f,10.1016/j.fluid.2014.01.028,0.4022,333.15,2.0,Document_1,"(0.199, 0.399, 0.402)",0.199,0.399,0.402,"(('Choline Chloride', 'Glycerol', 'Water'), 333.15, 'ffa22216-947a-4b55-9154-fc56ef91944f')",0.0171371,8.56855e-05,0.4022,0.7142857142857144,s,measured
"['Choline Chloride', 'Glycerol', 'Water']",viscosity,0.007504800000000001,3.7524e-05,363.15,"[0.199266666667, 0.398533333333, 0.4022]",538e4099-79b9-4df7-9920-f496ce3caf03,10.1016/j.fluid.2014.01.028,0.4022,363.15,2.0,Document_1,"(0.199, 0.399, 0.402)",0.199,0.399,0.402,"(('Choline Chloride', 'Glycerol', 'Water'), 363.15, '538e4099-79b9-4df7-9920-f496ce3caf03')",0.007504800000000001,3.7524e-05,0.4022,0.7142857142857144,s,measured
"['Choline Chloride', 'Glycerol', 'Water']",viscosity,0.0126879,6.34395e-05,343.15,"[0.199266666667, 0.398533333333, 0.4022]",db4594fb-670a-4b85-9536-b6d8cd2311e3,10.1016/j.fluid.2014.01.028,0.4022,343.15,2.0,Document_1,"(0.199, 0.399, 0.402)",0.199,0.399,0.402,"(('Choline Chloride', 'Glycerol', 'Water'), 343.15, 'db4594fb-670a-4b85-9536-b6d8cd2311e3')",0.0126879,6.34395e-05,0.4022,0.7142857142857144,s,measured
"['Choline Chloride', 'Glycerol', 'Water']",viscosity,0.17796209999999998,0.0008898105,283.15,"[0.199266666667, 0.398533333333, 0.4022]",88f193b0-d9b5-4f35-a439-e7c183f5842e,10.1016/j.fluid.2014.01.028,0.4022,283.15,2.0,Document_1,"(0.199, 0.399, 0.402)",0.199,0.399,0.402,"(('Choline Chloride', 'Glycerol', 'Water'), 283.15, '88f193b0-d9b5-4f35-a439-e7c183f5842e')",0.17796209999999998,0.0008898105,0.4022,0.7142857142857144,s,measured
"['Choline Chloride', 'Glycerol', 'Water']",viscosity,0.024090599999999997,0.00012045300000000001,323.15,"[0.199266666667, 0.398533333333, 0.4022]",15f0e496-536e-437c-9e15-912984dd3601,10.1016/j.fluid.2014.01.028,0.4022,323.15,2.0,Document_1,"(0.199, 0.399, 0.402)",0.199,0.399,0.402,"(('Choline Chloride', 'Glycerol', 'Water'), 323.15, '15f0e496-536e-437c-9e15-912984dd3601')",0.024090599999999997,0.00012045300000000001,0.4022,0.7142857142857144,s,measured
"['Choline Chloride', 'Glycerol', 'Water']",viscosity,0.0959405,0.0004797025,293.15,"[0.199266666667, 0.398533333333, 0.4022]",c6624a2d-29c9-4bca-a471-60ac6b1e7d85,10.1016/j.fluid.2014.01.028,0.4022,293.15,2.0,Document_1,"(0.199, 0.399, 0.402)",0.199,0.399,0.402,"(('Choline Chloride', 'Glycerol', 'Water'), 293.15, 'c6624a2d-29c9-4bca-a471-60ac6b1e7d85')",0.0959405,0.0004797025,0.4022,0.7142857142857144,s,measured
"['Choline Chloride', 'Glycerol', 'Water']",viscosity,0.0358177,0.0001790885,313.15,"[0.199266666667, 0.398533333333, 0.4022]",5729bb07-4086-4552-ac96-4af0718be4a8,10.1016/j.fluid.2014.01.028,0.4022,313.15,2.0,Document_1,"(0.199, 0.399, 0.402)",0.199,0.399,0.402,"(('Choline Chloride', 'Glycerol', 'Water'), 313.15, '5729bb07-4086-4552-ac96-4af0718be4a8')",0.0358177,0.0001790885,0.4022,0.7142857142857144,s,measured
"['Choline Chloride', 'Glycerol', 'Water']",viscosity,0.009573600000000002,4.7868e-05,353.15,"[0.199266666667, 0.398533333333, 0.4022]",e06f0069-5ccc-438c-9167-df428d2a76ee,10.1016/j.fluid.2014.01.028,0.4022,353.15,2.0,Document_1,"(0.199, 0.399, 0.402)",0.199,0.399,0.402,"(('Choline Chloride', 'Glycerol', 'Water'), 353.15, 'e06f0069-5ccc-438c-9167-df428d2a76ee')",0.009573600000000002,4.7868e-05,0.4022,0.7142857142857144,s,measured
"['Choline Chloride', 'Glycerol', 'Water']",viscosity,0.056467500000000004,0.0002823375,303.15,"[0.199266666667, 0.398533333333, 0.4022]",c1cc8265-d914-45f9-9fb7-4dab8f7b6949,10.1016/j.fluid.2014.01.028,0.4022,303.15,2.0,Document_1,"(0.199, 0.399, 0.402)",0.199,0.399,0.402,"(('Choline Chloride', 'Glycerol', 'Water'), 303.15, 'c1cc8265-d914-45f9-9fb7-4dab8f7b6949')",0.056467500000000004,0.0002823375,0.4022,0.7142857142857144,s,measured
"['Choline Chloride', 'Glycerol', 'Water']",viscosity,0.129312,,293.15,"[0.213382991, 0.426765982, 0.359851027]",6f828215-8662-40e0-8768-fdbc677151ee,10.1039/c5cp01493j,0.359851027,293.15,2.0,Document_1,"(0.213, 0.427, 0.36)",0.213,0.427,0.36,"(('Choline Chloride', 'Glycerol', 'Water'), 293.15, '6f828215-8662-40e0-8768-fdbc677151ee')",0.129312,,0.359851027,0.2,h,measured
"['Choline Chloride', 'Glycerol', 'Water']",viscosity,0.0449472,0.00022473599999999998,313.15,"[0.219166666667, 0.438333333333, 0.3425]",420163ef-d000-4007-988b-5d9c9cfe6e34,10.1016/j.fluid.2014.01.028,0.3425,313.15,2.0,Document_1,"(0.219, 0.438, 0.343)",0.219,0.438,0.343,"(('Choline Chloride', 'Glycerol', 'Water'), 313.15, '420163ef-d000-4007-988b-5d9c9cfe6e34')",0.0449472,0.00022473599999999998,0.3425,0.7142857142857144,s,measured
"['Choline Chloride', 'Glycerol', 'Water']",viscosity,0.0297991,0.0001489955,323.15,"[0.219166666667, 0.438333333333, 0.3425]",0d136934-9dd9-4a90-b36c-1caf41d66e44,10.1016/j.fluid.2014.01.028,0.3425,323.15,2.0,Document_1,"(0.219, 0.438, 0.343)",0.219,0.438,0.343,"(('Choline Chloride', 'Glycerol', 'Water'), 323.15, '0d136934-9dd9-4a90-b36c-1caf41d66e44')",0.0297991,0.0001489955,0.3425,0.7142857142857144,s,measured
"['Choline Chloride', 'Glycerol', 'Water']",viscosity,0.020810600000000002,0.000104053,333.15,"[0.219166666667, 0.438333333333, 0.3425]",5da79ed2-a4e9-4684-ba30-03ce0e94f101,10.1016/j.fluid.2014.01.028,0.3425,333.15,2.0,Document_1,"(0.219, 0.438, 0.343)",0.219,0.438,0.343,"(('Choline Chloride', 'Glycerol', 'Water'), 333.15, '5da79ed2-a4e9-4684-ba30-03ce0e94f101')",0.020810600000000002,0.000104053,0.3425,0.7142857142857144,s,measured
"['Choline Chloride', 'Glycerol', 'Water']",viscosity,0.1259387,0.0006296935,293.15,"[0.219166666667, 0.438333333333, 0.3425]",4cf71765-76df-40c7-814a-2d3ba084e246,10.1016/j.fluid.2014.01.028,0.3425,293.15,2.0,Document_1,"(0.219, 0.438, 0.343)",0.219,0.438,0.343,"(('Choline Chloride', 'Glycerol', 'Water'), 293.15, '4cf71765-76df-40c7-814a-2d3ba084e246')",0.1259387,0.0006296935,0.3425,0.7142857142857144,s,measured
"['Choline Chloride', 'Glycerol', 'Water']",viscosity,0.2390806,0.001195403,283.15,"[0.219166666667, 0.438333333333, 0.3425]",f42b6307-64bd-478c-96ae-02c59e6874f5,10.1016/j.fluid.2014.01.028,0.3425,283.15,2.0,Document_1,"(0.219, 0.438, 0.343)",0.219,0.438,0.343,"(('Choline Chloride', 'Glycerol', 'Water'), 283.15, 'f42b6307-64bd-478c-96ae-02c59e6874f5')",0.2390806,0.001195403,0.3425,0.7142857142857144,s,measured
"['Choline Chloride', 'Glycerol', 'Water']",viscosity,0.0721121,0.0003605605,303.15,"[0.219166666667, 0.438333333333, 0.3425]",9e2a6c47-ffc6-4ed9-af9b-61ddef835e28,10.1016/j.fluid.2014.01.028,0.3425,303.15,2.0,Document_1,"(0.219, 0.438, 0.343)",0.219,0.438,0.343,"(('Choline Chloride', 'Glycerol', 'Water'), 303.15, '9e2a6c47-ffc6-4ed9-af9b-61ddef835e28')",0.0721121,0.0003605605,0.3425,0.7142857142857144,s,measured
"['Choline Chloride', 'Glycerol', 'Water']",viscosity,0.011586,5.793e-05,353.15,"[0.219166666667, 0.438333333333, 0.3425]",f59fac4f-f9e2-4836-a63b-8c827bd32431,10.1016/j.fluid.2014.01.028,0.3425,353.15,2.0,Document_1,"(0.219, 0.438, 0.343)",0.219,0.438,0.343,"(('Choline Chloride', 'Glycerol', 'Water'), 353.15, 'f59fac4f-f9e2-4836-a63b-8c827bd32431')",0.011586,5.793e-05,0.3425,0.7142857142857144,s,measured
"['Choline Chloride', 'Glycerol', 'Water']",viscosity,0.0152347,7.61735e-05,343.15,"[0.219166666667, 0.438333333333, 0.3425]",1b5bdc34-3217-4fd7-8de5-334e5dfd7243,10.1016/j.fluid.2014.01.028,0.3425,343.15,2.0,Document_1,"(0.219, 0.438, 0.343)",0.219,0.438,0.343,"(('Choline Chloride', 'Glycerol', 'Water'), 343.15, '1b5bdc34-3217-4fd7-8de5-334e5dfd7243')",0.0152347,7.61735e-05,0.3425,0.7142857142857144,s,measured
"['Choline Chloride', 'Glycerol', 'Water']",viscosity,0.0090466,4.5233000000000006e-05,363.15,"[0.219166666667, 0.438333333333, 0.3425]",a1ccfd6a-e28d-4510-b676-f90caf4679b7,10.1016/j.fluid.2014.01.028,0.3425,363.15,2.0,Document_1,"(0.219, 0.438, 0.343)",0.219,0.438,0.343,"(('Choline Chloride', 'Glycerol', 'Water'), 363.15, 'a1ccfd6a-e28d-4510-b676-f90caf4679b7')",0.0090466,4.5233000000000006e-05,0.3425,0.7142857142857144,s,measured
"['Choline Chloride', 'Glycerol', 'Water']",viscosity,0.170685,,293.15,"[0.236238639667, 0.472477279333, 0.291284081]",d48eb215-3fce-448f-a835-f598b97efde7,10.1039/c5cp01493j,0.291284081,293.15,2.0,Document_1,"(0.236, 0.472, 0.291)",0.236,0.472,0.291,"(('Choline Chloride', 'Glycerol', 'Water'), 293.15, 'd48eb215-3fce-448f-a835-f598b97efde7')",0.170685,,0.291284081,0.2,h,measured
"['Choline Chloride', 'Glycerol', 'Water']",viscosity,0.02614,0.0005228,335.65,"[0.24937655859, 0.49625935141, 0.25436409]",b859784a-b8ca-42fc-be23-e8d5a84b8f43,10.1016/j.jct.2018.07.031,0.25436409,335.65,2.0,Document_1,"(0.249, 0.496, 0.254)",0.249,0.496,0.254,"(('Choline Chloride', 'Glycerol', 'Water'), 335.65, 'b859784a-b8ca-42fc-be23-e8d5a84b8f43')",0.02614,0.0005228,0.25436409,0.6285714285714286,^,measured
"['Choline Chloride', 'Glycerol', 'Water']",viscosity,0.034659999999999996,0.0006932,328.15,"[0.24937655859, 0.49625935141, 0.25436409]",8660a556-a064-47d1-bc4c-2e7b8a7888d9,10.1016/j.jct.2018.07.031,0.25436409,328.15,2.0,Document_1,"(0.249, 0.496, 0.254)",0.249,0.496,0.254,"(('Choline Chloride', 'Glycerol', 'Water'), 328.15, '8660a556-a064-47d1-bc4c-2e7b8a7888d9')",0.034659999999999996,0.0006932,0.25436409,0.6285714285714286,^,measured
"['Choline Chloride', 'Glycerol', 'Water']",viscosity,0.023940000000000003,0.0004788,338.15,"[0.24937655859, 0.49625935141, 0.25436409]",b9adad33-17b8-48c5-98bc-511c6b066504,10.1016/j.jct.2018.07.031,0.25436409,338.15,2.0,Document_1,"(0.249, 0.496, 0.254)",0.249,0.496,0.254,"(('Choline Chloride', 'Glycerol', 'Water'), 338.15, 'b9adad33-17b8-48c5-98bc-511c6b066504')",0.023940000000000003,0.0004788,0.25436409,0.6285714285714286,^,measured
"['Choline Chloride', 'Glycerol', 'Water']",viscosity,0.02866,0.0005732000000000001,333.15,"[0.24937655859, 0.49625935141, 0.25436409]",58851b6a-ac11-4489-bffe-6a5f2508fb21,10.1016/j.jct.2018.07.031,0.25436409,333.15,2.0,Document_1,"(0.249, 0.496, 0.254)",0.249,0.496,0.254,"(('Choline Chloride', 'Glycerol', 'Water'), 333.15, '58851b6a-ac11-4489-bffe-6a5f2508fb21')",0.02866,0.0005732000000000001,0.25436409,0.6285714285714286,^,measured
"['Choline Chloride', 'Glycerol', 'Water']",viscosity,0.03147,0.0006294,330.65,"[0.24937655859, 0.49625935141, 0.25436409]",fe15ae71-5749-4e46-84d2-0631dd2e8d2b,10.1016/j.jct.2018.07.031,0.25436409,330.65,2.0,Document_1,"(0.249, 0.496, 0.254)",0.249,0.496,0.254,"(('Choline Chloride', 'Glycerol', 'Water'), 330.65, 'fe15ae71-5749-4e46-84d2-0631dd2e8d2b')",0.03147,0.0006294,0.25436409,0.6285714285714286,^,measured
"['Choline Chloride', 'Glycerol', 'Water']",viscosity,0.04248,0.0008496,323.15,"[0.24937655859, 0.49625935141, 0.25436409]",740c71d1-d350-4c53-8a5c-781572d6fbb2,10.1016/j.jct.2018.07.031,0.25436409,323.15,2.0,Document_1,"(0.249, 0.496, 0.254)",0.249,0.496,0.254,"(('Choline Chloride', 'Glycerol', 'Water'), 323.15, '740c71d1-d350-4c53-8a5c-781572d6fbb2')",0.04248,0.0008496,0.25436409,0.6285714285714286,^,measured
"['Choline Chloride', 'Glycerol', 'Water']",viscosity,0.03828,0.0007656,325.65,"[0.24937655859, 0.49625935141, 0.25436409]",36215971-2dbf-4cdc-87df-d0e026ba7bbe,10.1016/j.jct.2018.07.031,0.25436409,325.65,2.0,Document_1,"(0.249, 0.496, 0.254)",0.249,0.496,0.254,"(('Choline Chloride', 'Glycerol', 'Water'), 325.65, '36215971-2dbf-4cdc-87df-d0e026ba7bbe')",0.03828,0.0007656,0.25436409,0.6285714285714286,^,measured
"['Choline Chloride', 'Glycerol', 'Water']",viscosity,0.48810000000000003,0.009762,280.65,"[0.24937655859, 0.49625935141, 0.25436409]",87fef431-b78e-4d1c-a206-7613a2570d67,10.1016/j.jct.2018.07.031,0.25436409,280.65,2.0,Document_1,"(0.249, 0.496, 0.254)",0.249,0.496,0.254,"(('Choline Chloride', 'Glycerol', 'Water'), 280.65, '87fef431-b78e-4d1c-a206-7613a2570d67')",0.48810000000000003,0.009762,0.25436409,0.6285714285714286,^,measured
"['Choline Chloride', 'Glycerol', 'Water']",viscosity,0.14780000000000001,0.002956,298.15,"[0.24937655859, 0.49625935141, 0.25436409]",0d05a672-1642-4886-bfb2-994034b61953,10.1016/j.jct.2018.07.031,0.25436409,298.15,2.0,Document_1,"(0.249, 0.496, 0.254)",0.249,0.496,0.254,"(('Choline Chloride', 'Glycerol', 'Water'), 298.15, '0d05a672-1642-4886-bfb2-994034b61953')",0.14780000000000001,0.002956,0.25436409,0.6285714285714286,^,measured
"['Choline Chloride', 'Glycerol', 'Water']",viscosity,0.1113,0.002226,303.15,"[0.24937655859, 0.49625935141, 0.25436409]",c55cf28c-5836-4ada-a3ff-4f67ba762842,10.1016/j.jct.2018.07.031,0.25436409,303.15,2.0,Document_1,"(0.249, 0.496, 0.254)",0.249,0.496,0.254,"(('Choline Chloride', 'Glycerol', 'Water'), 303.15, 'c55cf28c-5836-4ada-a3ff-4f67ba762842')",0.1113,0.002226,0.25436409,0.6285714285714286,^,measured
"['Choline Chloride', 'Glycerol', 'Water']",viscosity,0.09713,0.0019426,305.65,"[0.24937655859, 0.49625935141, 0.25436409]",b0bc969c-7a4c-4331-9ccc-ecd7ea413522,10.1016/j.jct.2018.07.031,0.25436409,305.65,2.0,Document_1,"(0.249, 0.496, 0.254)",0.249,0.496,0.254,"(('Choline Chloride', 'Glycerol', 'Water'), 305.65, 'b0bc969c-7a4c-4331-9ccc-ecd7ea413522')",0.09713,0.0019426,0.25436409,0.6285714285714286,^,measured
"['Choline Chloride', 'Glycerol', 'Water']",viscosity,0.128,0.00256,300.65,"[0.24937655859, 0.49625935141, 0.25436409]",92d6eb5b-6e53-4626-a16b-b24272deba1f,10.1016/j.jct.2018.07.031,0.25436409,300.65,2.0,Document_1,"(0.249, 0.496, 0.254)",0.249,0.496,0.254,"(('Choline Chloride', 'Glycerol', 'Water'), 300.65, '92d6eb5b-6e53-4626-a16b-b24272deba1f')",0.128,0.00256,0.25436409,0.6285714285714286,^,measured
"['Choline Chloride', 'Glycerol', 'Water']",viscosity,0.594,0.01188,278.15,"[0.24937655859, 0.49625935141, 0.25436409]",7814bf52-0ba8-45d8-87bd-77ce61424edc,10.1016/j.jct.2018.07.031,0.25436409,278.15,2.0,Document_1,"(0.249, 0.496, 0.254)",0.249,0.496,0.254,"(('Choline Chloride', 'Glycerol', 'Water'), 278.15, '7814bf52-0ba8-45d8-87bd-77ce61424edc')",0.594,0.01188,0.25436409,0.6285714285714286,^,measured
"['Choline Chloride', 'Glycerol', 'Water']",viscosity,0.1726,0.0034519999999999998,295.65,"[0.24937655859, 0.49625935141, 0.25436409]",d4ebd0ba-bba2-43e8-b4fa-b04755f84729,10.1016/j.jct.2018.07.031,0.25436409,295.65,2.0,Document_1,"(0.249, 0.496, 0.254)",0.249,0.496,0.254,"(('Choline Chloride', 'Glycerol', 'Water'), 295.65, 'd4ebd0ba-bba2-43e8-b4fa-b04755f84729')",0.1726,0.0034519999999999998,0.25436409,0.6285714285714286,^,measured
"['Choline Chloride', 'Glycerol', 'Water']",viscosity,0.2823,0.005646,288.15,"[0.24937655859, 0.49625935141, 0.25436409]",af8b8add-edf5-4f57-b86f-798ce15a02db,10.1016/j.jct.2018.07.031,0.25436409,288.15,2.0,Document_1,"(0.249, 0.496, 0.254)",0.249,0.496,0.254,"(('Choline Chloride', 'Glycerol', 'Water'), 288.15, 'af8b8add-edf5-4f57-b86f-798ce15a02db')",0.2823,0.005646,0.25436409,0.6285714285714286,^,measured
"['Choline Chloride', 'Glycerol', 'Water']",viscosity,0.2386,0.004772,290.65,"[0.24937655859, 0.49625935141, 0.25436409]",a5c4e611-19cb-4336-9f8f-9a65695e873d,10.1016/j.jct.2018.07.031,0.25436409,290.65,2.0,Document_1,"(0.249, 0.496, 0.254)",0.249,0.496,0.254,"(('Choline Chloride', 'Glycerol', 'Water'), 290.65, 'a5c4e611-19cb-4336-9f8f-9a65695e873d')",0.2386,0.004772,0.25436409,0.6285714285714286,^,measured
"['Choline Chloride', 'Glycerol', 'Water']",viscosity,0.203,0.004059999999999999,293.15,"[0.24937655859, 0.49625935141, 0.25436409]",c2516cdd-e7b8-4c6e-a09c-107d226976a5,10.1016/j.jct.2018.07.031,0.25436409,293.15,2.0,Document_1,"(0.249, 0.496, 0.254)",0.249,0.496,0.254,"(('Choline Chloride', 'Glycerol', 'Water'), 293.15, 'c2516cdd-e7b8-4c6e-a09c-107d226976a5')",0.203,0.004059999999999999,0.25436409,0.6285714285714286,^,measured
"['Choline Chloride', 'Glycerol', 'Water']",viscosity,0.4044,0.008088,283.15,"[0.24937655859, 0.49625935141, 0.25436409]",d73e336a-3a89-4aaa-af99-bf8218ae0445,10.1016/j.jct.2018.07.031,0.25436409,283.15,2.0,Document_1,"(0.249, 0.496, 0.254)",0.249,0.496,0.254,"(('Choline Chloride', 'Glycerol', 'Water'), 283.15, 'd73e336a-3a89-4aaa-af99-bf8218ae0445')",0.4044,0.008088,0.25436409,0.6285714285714286,^,measured
"['Choline Chloride', 'Glycerol', 'Water']",viscosity,0.047119999999999995,0.0009424,320.65,"[0.24937655859, 0.49625935141, 0.25436409]",f34ced13-950d-495a-a4ba-69c88da0b58a,10.1016/j.jct.2018.07.031,0.25436409,320.65,2.0,Document_1,"(0.249, 0.496, 0.254)",0.249,0.496,0.254,"(('Choline Chloride', 'Glycerol', 'Water'), 320.65, 'f34ced13-950d-495a-a4ba-69c88da0b58a')",0.047119999999999995,0.0009424,0.25436409,0.6285714285714286,^,measured
"['Choline Chloride', 'Glycerol', 'Water']",viscosity,0.05261,0.0010522,318.15,"[0.24937655859, 0.49625935141, 0.25436409]",6355e6af-975e-490d-b044-ab783d72da89,10.1016/j.jct.2018.07.031,0.25436409,318.15,2.0,Document_1,"(0.249, 0.496, 0.254)",0.249,0.496,0.254,"(('Choline Chloride', 'Glycerol', 'Water'), 318.15, '6355e6af-975e-490d-b044-ab783d72da89')",0.05261,0.0010522,0.25436409,0.6285714285714286,^,measured
"['Choline Chloride', 'Glycerol', 'Water']",viscosity,0.337,0.00674,285.65,"[0.24937655859, 0.49625935141, 0.25436409]",6069cca8-59d0-4cd1-8c89-38fdf6385d21,10.1016/j.jct.2018.07.031,0.25436409,285.65,2.0,Document_1,"(0.249, 0.496, 0.254)",0.249,0.496,0.254,"(('Choline Chloride', 'Glycerol', 'Water'), 285.65, '6069cca8-59d0-4cd1-8c89-38fdf6385d21')",0.337,0.00674,0.25436409,0.6285714285714286,^,measured
"['Choline Chloride', 'Glycerol', 'Water']",viscosity,0.05901,0.0011802,315.65,"[0.24937655859, 0.49625935141, 0.25436409]",4a7fbb34-4844-4858-a719-6f6010c73851,10.1016/j.jct.2018.07.031,0.25436409,315.65,2.0,Document_1,"(0.249, 0.496, 0.254)",0.249,0.496,0.254,"(('Choline Chloride', 'Glycerol', 'Water'), 315.65, '4a7fbb34-4844-4858-a719-6f6010c73851')",0.05901,0.0011802,0.25436409,0.6285714285714286,^,measured
"['Choline Chloride', 'Glycerol', 'Water']",viscosity,0.08525,0.0017050000000000001,308.15,"[0.24937655859, 0.49625935141, 0.25436409]",472edbc9-47f5-485c-832f-b7c85fcf4d84,10.1016/j.jct.2018.07.031,0.25436409,308.15,2.0,Document_1,"(0.249, 0.496, 0.254)",0.249,0.496,0.254,"(('Choline Chloride', 'Glycerol', 'Water'), 308.15, '472edbc9-47f5-485c-832f-b7c85fcf4d84')",0.08525,0.0017050000000000001,0.25436409,0.6285714285714286,^,measured
"['Choline Chloride', 'Glycerol', 'Water']",viscosity,0.07514,0.0015027999999999999,310.65,"[0.24937655859, 0.49625935141, 0.25436409]",793dd0a2-8b7e-4452-9e2e-17d954604928,10.1016/j.jct.2018.07.031,0.25436409,310.65,2.0,Document_1,"(0.249, 0.496, 0.254)",0.249,0.496,0.254,"(('Choline Chloride', 'Glycerol', 'Water'), 310.65, '793dd0a2-8b7e-4452-9e2e-17d954604928')",0.07514,0.0015027999999999999,0.25436409,0.6285714285714286,^,measured
"['Choline Chloride', 'Glycerol', 'Water']",viscosity,0.06648,0.0013295999999999998,313.15,"[0.24937655859, 0.49625935141, 0.25436409]",15e7abe9-6fcf-49f5-93da-2fdcf4dae10c,10.1016/j.jct.2018.07.031,0.25436409,313.15,2.0,Document_1,"(0.249, 0.496, 0.254)",0.249,0.496,0.254,"(('Choline Chloride', 'Glycerol', 'Water'), 313.15, '15e7abe9-6fcf-49f5-93da-2fdcf4dae10c')",0.06648,0.0013295999999999998,0.25436409,0.6285714285714286,^,measured
"['Choline Chloride', 'Glycerol', 'Water']",viscosity,0.060200000000000004,,313.15,"[0.250078162333, 0.500156324667, 0.249765513]",3bae73f3-df41-4ada-82dc-d6e207c9d58d,10.1016/j.aca.2012.12.019,0.249765513,313.15,2.0,Document_1,"(0.25, 0.5, 0.25)",0.25,0.5,0.25,"(('Choline Chloride', 'Glycerol', 'Water'), 313.15, '3bae73f3-df41-4ada-82dc-d6e207c9d58d')",0.060200000000000004,,0.249765513,0.8,o,measured
"['Choline Chloride', 'Glycerol', 'Water']",viscosity,0.3971261,0.0019856305,283.15,"[0.253966666667, 0.507933333333, 0.2381]",f51a8a4d-c41e-45f2-8c52-146d3c5d0520,10.1016/j.fluid.2014.01.028,0.2381,283.15,2.0,Document_1,"(0.254, 0.508, 0.238)",0.254,0.508,0.238,"(('Choline Chloride', 'Glycerol', 'Water'), 283.15, 'f51a8a4d-c41e-45f2-8c52-146d3c5d0520')",0.3971261,0.0019856305,0.2381,0.7142857142857144,s,measured
"['Choline Chloride', 'Glycerol', 'Water']",viscosity,0.0149828,7.4914e-05,353.15,"[0.253966666667, 0.507933333333, 0.2381]",2a100a9a-9416-48d3-ba9d-86bbad360434,10.1016/j.fluid.2014.01.028,0.2381,353.15,2.0,Document_1,"(0.254, 0.508, 0.238)",0.254,0.508,0.238,"(('Choline Chloride', 'Glycerol', 'Water'), 353.15, '2a100a9a-9416-48d3-ba9d-86bbad360434')",0.0149828,7.4914e-05,0.2381,0.7142857142857144,s,measured
"['Choline Chloride', 'Glycerol', 'Water']",viscosity,0.020110199999999998,0.00010055100000000001,343.15,"[0.253966666667, 0.507933333333, 0.2381]",b89fc070-247e-4e60-ad4e-8e2056db2fe0,10.1016/j.fluid.2014.01.028,0.2381,343.15,2.0,Document_1,"(0.254, 0.508, 0.238)",0.254,0.508,0.238,"(('Choline Chloride', 'Glycerol', 'Water'), 343.15, 'b89fc070-247e-4e60-ad4e-8e2056db2fe0')",0.020110199999999998,0.00010055100000000001,0.2381,0.7142857142857144,s,measured
"['Choline Chloride', 'Glycerol', 'Water']",viscosity,0.2004529,0.0010022644999999998,293.15,"[0.253966666667, 0.507933333333, 0.2381]",2278ebdb-7ba7-4b22-b526-3e209c61226e,10.1016/j.fluid.2014.01.028,0.2381,293.15,2.0,Document_1,"(0.254, 0.508, 0.238)",0.254,0.508,0.238,"(('Choline Chloride', 'Glycerol', 'Water'), 293.15, '2278ebdb-7ba7-4b22-b526-3e209c61226e')",0.2004529,0.0010022644999999998,0.2381,0.7142857142857144,s,measured
"['Choline Chloride', 'Glycerol', 'Water']",viscosity,0.0416544,0.00020827200000000001,323.15,"[0.253966666667, 0.507933333333, 0.2381]",d419c7de-0745-45c7-a3ce-b3f0626fe770,10.1016/j.fluid.2014.01.028,0.2381,323.15,2.0,Document_1,"(0.254, 0.508, 0.238)",0.254,0.508,0.238,"(('Choline Chloride', 'Glycerol', 'Water'), 323.15, 'd419c7de-0745-45c7-a3ce-b3f0626fe770')",0.0416544,0.00020827200000000001,0.2381,0.7142857142857144,s,measured
"['Choline Chloride', 'Glycerol', 'Water']",viscosity,0.0636328,0.000318164,313.15,"[0.253966666667, 0.507933333333, 0.2381]",26cfbc9b-a3bd-41b6-9cb5-c91efae8fb51,10.1016/j.fluid.2014.01.028,0.2381,313.15,2.0,Document_1,"(0.254, 0.508, 0.238)",0.254,0.508,0.238,"(('Choline Chloride', 'Glycerol', 'Water'), 313.15, '26cfbc9b-a3bd-41b6-9cb5-c91efae8fb51')",0.0636328,0.000318164,0.2381,0.7142857142857144,s,measured
"['Choline Chloride', 'Glycerol', 'Water']",viscosity,0.011403100000000001,5.7015499999999996e-05,363.15,"[0.253966666667, 0.507933333333, 0.2381]",fbaca37f-14d5-4365-ae4d-b76b40730e63,10.1016/j.fluid.2014.01.028,0.2381,363.15,2.0,Document_1,"(0.254, 0.508, 0.238)",0.254,0.508,0.238,"(('Choline Chloride', 'Glycerol', 'Water'), 363.15, 'fbaca37f-14d5-4365-ae4d-b76b40730e63')",0.011403100000000001,5.7015499999999996e-05,0.2381,0.7142857142857144,s,measured
"['Choline Chloride', 'Glycerol', 'Water']",viscosity,0.10539490000000001,0.0005269745,303.15,"[0.253966666667, 0.507933333333, 0.2381]",5c42fb49-119f-492f-a56a-cc1bf12c318b,10.1016/j.fluid.2014.01.028,0.2381,303.15,2.0,Document_1,"(0.254, 0.508, 0.238)",0.254,0.508,0.238,"(('Choline Chloride', 'Glycerol', 'Water'), 303.15, '5c42fb49-119f-492f-a56a-cc1bf12c318b')",0.10539490000000001,0.0005269745,0.2381,0.7142857142857144,s,measured
"['Choline Chloride', 'Glycerol', 'Water']",viscosity,0.028234600000000002,0.000141173,333.15,"[0.253966666667, 0.507933333333, 0.2381]",f3eb694b-3e65-4ca2-ad5e-de34f2de0ac7,10.1016/j.fluid.2014.01.028,0.2381,333.15,2.0,Document_1,"(0.254, 0.508, 0.238)",0.254,0.508,0.238,"(('Choline Chloride', 'Glycerol', 'Water'), 333.15, 'f3eb694b-3e65-4ca2-ad5e-de34f2de0ac7')",0.028234600000000002,0.000141173,0.2381,0.7142857142857144,s,measured
"['Choline Chloride', 'Glycerol', 'Water']",viscosity,0.21344300000000002,,293.15,"[0.263155660667, 0.526311321333, 0.210533018]",d5b4d556-b127-462a-b6bd-2d1a188a5b23,10.1039/c5cp01493j,0.210533018,293.15,2.0,Document_1,"(0.263, 0.526, 0.211)",0.263,0.526,0.211,"(('Choline Chloride', 'Glycerol', 'Water'), 293.15, 'd5b4d556-b127-462a-b6bd-2d1a188a5b23')",0.21344300000000002,,0.210533018,0.2,h,measured
"['Choline Chloride', 'Glycerol', 'Water']",viscosity,0.311565,,293.15,"[0.294947672, 0.589895344, 0.115156984]",5617b1d1-ae6e-4208-9754-8565db4d3cc9,10.1039/c5cp01493j,0.115156984,293.15,2.0,Document_1,"(0.295, 0.59, 0.115)",0.295,0.59,0.115,"(('Choline Chloride', 'Glycerol', 'Water'), 293.15, '5617b1d1-ae6e-4208-9754-8565db4d3cc9')",0.311565,,0.115156984,0.2,h,measured
"['Choline Chloride', 'Glycerol', 'Water']",viscosity,0.0608033,0.0003040165,323.15,"[0.297333333333, 0.594666666667, 0.108]",dc8ef3ad-eecf-4877-8c74-fbceaa54daa4,10.1016/j.fluid.2014.01.028,0.108,323.15,2.0,Document_1,"(0.297, 0.595, 0.108)",0.297,0.595,0.108,"(('Choline Chloride', 'Glycerol', 'Water'), 323.15, 'dc8ef3ad-eecf-4877-8c74-fbceaa54daa4')",0.0608033,0.0003040165,0.108,0.7142857142857144,s,measured
"['Choline Chloride', 'Glycerol', 'Water']",viscosity,0.027497,0.000137485,343.15,"[0.297333333333, 0.594666666667, 0.108]",1ce51f8f-a15e-4e03-974b-d6a90a3e48b3,10.1016/j.fluid.2014.01.028,0.108,343.15,2.0,Document_1,"(0.297, 0.595, 0.108)",0.297,0.595,0.108,"(('Choline Chloride', 'Glycerol', 'Water'), 343.15, '1ce51f8f-a15e-4e03-974b-d6a90a3e48b3')",0.027497,0.000137485,0.108,0.7142857142857144,s,measured
"['Choline Chloride', 'Glycerol', 'Water']",viscosity,0.0200963,0.0001004815,353.15,"[0.297333333333, 0.594666666667, 0.108]",de75f2f9-527b-4e32-aa52-167604a83c5d,10.1016/j.fluid.2014.01.028,0.108,353.15,2.0,Document_1,"(0.297, 0.595, 0.108)",0.297,0.595,0.108,"(('Choline Chloride', 'Glycerol', 'Water'), 353.15, 'de75f2f9-527b-4e32-aa52-167604a83c5d')",0.0200963,0.0001004815,0.108,0.7142857142857144,s,measured
"['Choline Chloride', 'Glycerol', 'Water']",viscosity,0.0393459,0.00019672950000000001,333.15,"[0.297333333333, 0.594666666667, 0.108]",ded7ca81-5261-4200-822a-cf48955872fd,10.1016/j.fluid.2014.01.028,0.108,333.15,2.0,Document_1,"(0.297, 0.595, 0.108)",0.297,0.595,0.108,"(('Choline Chloride', 'Glycerol', 'Water'), 333.15, 'ded7ca81-5261-4200-822a-cf48955872fd')",0.0393459,0.00019672950000000001,0.108,0.7142857142857144,s,measured
"['Choline Chloride', 'Glycerol', 'Water']",viscosity,0.097607,0.000488035,313.15,"[0.297333333333, 0.594666666667, 0.108]",8bec4e19-4ff8-4aee-8fe3-3ef3b73ca7b4,10.1016/j.fluid.2014.01.028,0.108,313.15,2.0,Document_1,"(0.297, 0.595, 0.108)",0.297,0.595,0.108,"(('Choline Chloride', 'Glycerol', 'Water'), 313.15, '8bec4e19-4ff8-4aee-8fe3-3ef3b73ca7b4')",0.097607,0.000488035,0.108,0.7142857142857144,s,measured
"['Choline Chloride', 'Glycerol', 'Water']",viscosity,0.17286590000000002,0.0008643295,303.15,"[0.297333333333, 0.594666666667, 0.108]",f94e136a-73c8-4bbf-be7e-a18852a05949,10.1016/j.fluid.2014.01.028,0.108,303.15,2.0,Document_1,"(0.297, 0.595, 0.108)",0.297,0.595,0.108,"(('Choline Chloride', 'Glycerol', 'Water'), 303.15, 'f94e136a-73c8-4bbf-be7e-a18852a05949')",0.17286590000000002,0.0008643295,0.108,0.7142857142857144,s,measured
"['Choline Chloride', 'Glycerol', 'Water']",viscosity,0.3226054,0.001613027,293.15,"[0.297333333333, 0.594666666667, 0.108]",5aae7f91-5158-4b74-9982-37c1e7c84dde,10.1016/j.fluid.2014.01.028,0.108,293.15,2.0,Document_1,"(0.297, 0.595, 0.108)",0.297,0.595,0.108,"(('Choline Chloride', 'Glycerol', 'Water'), 293.15, '5aae7f91-5158-4b74-9982-37c1e7c84dde')",0.3226054,0.001613027,0.108,0.7142857142857144,s,measured
"['Choline Chloride', 'Glycerol', 'Water']",viscosity,0.6699038,0.003349519,283.15,"[0.297333333333, 0.594666666667, 0.108]",82fe7788-f012-4d1d-be55-1fd74273242e,10.1016/j.fluid.2014.01.028,0.108,283.15,2.0,Document_1,"(0.297, 0.595, 0.108)",0.297,0.595,0.108,"(('Choline Chloride', 'Glycerol', 'Water'), 283.15, '82fe7788-f012-4d1d-be55-1fd74273242e')",0.6699038,0.003349519,0.108,0.7142857142857144,s,measured
"['Choline Chloride', 'Glycerol', 'Water']",viscosity,0.0152351,7.617549999999999e-05,363.15,"[0.297333333333, 0.594666666667, 0.108]",a1bbf9e3-39c1-49b0-b47d-5b8fbe294b26,10.1016/j.fluid.2014.01.028,0.108,363.15,2.0,Document_1,"(0.297, 0.595, 0.108)",0.297,0.595,0.108,"(('Choline Chloride', 'Glycerol', 'Water'), 363.15, 'a1bbf9e3-39c1-49b0-b47d-5b8fbe294b26')",0.0152351,7.617549999999999e-05,0.108,0.7142857142857144,s,measured
"['Choline Chloride', 'Glycerol', 'Water']",viscosity,0.314245,,293.15,"[0.31694769, 0.63389538, 0.04915693]",0989a544-34bc-4a2d-9ac1-3fd339c6dcf5,10.1039/c5cp01493j,0.04915693,293.15,2.0,Document_1,"(0.317, 0.634, 0.049)",0.317,0.634,0.049,"(('Choline Chloride', 'Glycerol', 'Water'), 293.15, '0989a544-34bc-4a2d-9ac1-3fd339c6dcf5')",0.314245,,0.04915693,0.2,h,measured
"['Choline Chloride', 'Glycerol', 'Water']",viscosity,0.330824,,293.15,"[0.325047792667, 0.650095585333, 0.024856622]",add55151-5570-4d74-bbc0-f8cbf5e5f5d0,10.1039/c5cp01493j,0.024856622,293.15,2.0,Document_1,"(0.325, 0.65, 0.025)",0.325,0.65,0.025,"(('Choline Chloride', 'Glycerol', 'Water'), 293.15, 'add55151-5570-4d74-bbc0-f8cbf5e5f5d0')",0.330824,,0.024856622,0.2,h,measured
"['Choline Chloride', 'Glycerol']",viscosity,0.055630000000000006,0.0011126,330.65,"[0.333333333333, 0.666666666667]",1c31a798-5356-438a-8051-6cedf379d23f,10.1016/j.jct.2018.07.031,0.666666666667,330.65,2.0,Document_1,"(0.333, 0.667)",0.333,0.667,,"(('Choline Chloride', 'Glycerol'), 330.65, '1c31a798-5356-438a-8051-6cedf379d23f')",0.055630000000000006,0.0011126,0.0,0.6285714285714286,^,measured
"['Choline Chloride', 'Glycerol']",viscosity,0.05005,0.001001,333.15,"[0.333333333333, 0.666666666667]",dc412bf4-381a-4752-8969-53c19685616e,10.1016/j.jct.2018.07.031,0.666666666667,333.15,2.0,Document_1,"(0.333, 0.667)",0.333,0.667,,"(('Choline Chloride', 'Glycerol'), 333.15, 'dc412bf4-381a-4752-8969-53c19685616e')",0.05005,0.001001,0.0,0.6285714285714286,^,measured
"['Choline Chloride', 'Glycerol']",viscosity,0.04519,0.0009038000000000001,335.65,"[0.333333333333, 0.666666666667]",43097a2e-c0ca-414d-820d-0b76fce357f2,10.1016/j.jct.2018.07.031,0.666666666667,335.65,2.0,Document_1,"(0.333, 0.667)",0.333,0.667,,"(('Choline Chloride', 'Glycerol'), 335.65, '43097a2e-c0ca-414d-820d-0b76fce357f2')",0.04519,0.0009038000000000001,0.0,0.6285714285714286,^,measured
"['Choline Chloride', 'Glycerol']",viscosity,0.04094,0.0008188,338.15,"[0.333333333333, 0.666666666667]",8523c1a6-e95b-4c01-a4b5-75993de2d433,10.1016/j.jct.2018.07.031,0.666666666667,338.15,2.0,Document_1,"(0.333, 0.667)",0.333,0.667,,"(('Choline Chloride', 'Glycerol'), 338.15, '8523c1a6-e95b-4c01-a4b5-75993de2d433')",0.04094,0.0008188,0.0,0.6285714285714286,^,measured
"['Choline Chloride', 'Glycerol']",viscosity,0.337764,,297.831,"[0.333333333333, 0.666666666667]",16eb92db-9728-497e-88d7-9e1a679f64f1,10.1016/j.molliq.2015.11.032,0.666666666667,297.831,2.0,Document_1,"(0.333, 0.667)",0.333,0.667,,"(('Choline Chloride', 'Glycerol'), 297.831, '16eb92db-9728-497e-88d7-9e1a679f64f1')",0.337764,,0.0,0.5428571428571428,D,measured
"['Choline Chloride', 'Glycerol']",viscosity,0.253648,,302.771,"[0.333333333333, 0.666666666667]",3565b2ad-08eb-450e-94f5-1f1dbbef3aa8,10.1016/j.molliq.2015.11.032,0.666666666667,302.771,2.0,Document_1,"(0.333, 0.667)",0.333,0.667,,"(('Choline Chloride', 'Glycerol'), 302.771, '3565b2ad-08eb-450e-94f5-1f1dbbef3aa8')",0.253648,,0.0,0.5428571428571428,D,measured
"['Choline Chloride', 'Glycerol']",viscosity,0.189501,,307.855,"[0.333333333333, 0.666666666667]",ff9c5c67-f90d-4d96-b534-4a2fcd2aea72,10.1016/j.molliq.2015.11.032,0.666666666667,307.855,2.0,Document_1,"(0.333, 0.667)",0.333,0.667,,"(('Choline Chloride', 'Glycerol'), 307.855, 'ff9c5c67-f90d-4d96-b534-4a2fcd2aea72')",0.189501,,0.0,0.5428571428571428,D,measured
"['Choline Chloride', 'Glycerol']",viscosity,0.15527000000000002,,312.866,"[0.333333333333, 0.666666666667]",317b6bf8-c531-4a04-b589-59f9fb082d2f,10.1016/j.molliq.2015.11.032,0.666666666667,312.866,2.0,Document_1,"(0.333, 0.667)",0.333,0.667,,"(('Choline Chloride', 'Glycerol'), 312.866, '317b6bf8-c531-4a04-b589-59f9fb082d2f')",0.15527000000000002,,0.0,0.5428571428571428,D,measured
"['Choline Chloride', 'Glycerol']",viscosity,0.121029,,317.804,"[0.333333333333, 0.666666666667]",9d30929b-d6cd-41c5-b06b-c7bcbb0dc431,10.1016/j.molliq.2015.11.032,0.666666666667,317.804,2.0,Document_1,"(0.333, 0.667)",0.333,0.667,,"(('Choline Chloride', 'Glycerol'), 317.804, '9d30929b-d6cd-41c5-b06b-c7bcbb0dc431')",0.121029,,0.0,0.5428571428571428,D,measured
"['Choline Chloride', 'Glycerol']",viscosity,0.3785,0.00757,295.65,"[0.333333333333, 0.666666666667]",bfc79072-91cc-4086-97d6-4ad5ab92a53a,10.1016/j.jct.2018.07.031,0.666666666667,295.65,2.0,Document_1,"(0.333, 0.667)",0.333,0.667,,"(('Choline Chloride', 'Glycerol'), 295.65, 'bfc79072-91cc-4086-97d6-4ad5ab92a53a')",0.3785,0.00757,0.0,0.6285714285714286,^,measured
"['Choline Chloride', 'Glycerol']",viscosity,0.3197,0.006394,298.15,"[0.333333333333, 0.666666666667]",c63c4343-e9ed-4017-b7c5-4bc851fbec12,10.1016/j.jct.2018.07.031,0.666666666667,298.15,2.0,Document_1,"(0.333, 0.667)",0.333,0.667,,"(('Choline Chloride', 'Glycerol'), 298.15, 'c63c4343-e9ed-4017-b7c5-4bc851fbec12')",0.3197,0.006394,0.0,0.6285714285714286,^,measured
"['Choline Chloride', 'Glycerol']",viscosity,0.2714,0.005428,300.65,"[0.333333333333, 0.666666666667]",5aad4412-75d1-4e6e-b586-e8c6ed92592b,10.1016/j.jct.2018.07.031,0.666666666667,300.65,2.0,Document_1,"(0.333, 0.667)",0.333,0.667,,"(('Choline Chloride', 'Glycerol'), 300.65, '5aad4412-75d1-4e6e-b586-e8c6ed92592b')",0.2714,0.005428,0.0,0.6285714285714286,^,measured
"['Choline Chloride', 'Glycerol']",viscosity,0.2321,0.004642,303.15,"[0.333333333333, 0.666666666667]",a75950ca-8f75-4a1c-9e63-d32805ea678f,10.1016/j.jct.2018.07.031,0.666666666667,303.15,2.0,Document_1,"(0.333, 0.667)",0.333,0.667,,"(('Choline Chloride', 'Glycerol'), 303.15, 'a75950ca-8f75-4a1c-9e63-d32805ea678f')",0.2321,0.004642,0.0,0.6285714285714286,^,measured
"['Choline Chloride', 'Glycerol']",viscosity,0.199,0.00398,305.65,"[0.333333333333, 0.666666666667]",ae7685c1-bd81-4da9-9f08-5039af9a129d,10.1016/j.jct.2018.07.031,0.666666666667,305.65,2.0,Document_1,"(0.333, 0.667)",0.333,0.667,,"(('Choline Chloride', 'Glycerol'), 305.65, 'ae7685c1-bd81-4da9-9f08-5039af9a129d')",0.199,0.00398,0.0,0.6285714285714286,^,measured
"['Choline Chloride', 'Glycerol']",viscosity,0.1716,0.003432,308.15,"[0.333333333333, 0.666666666667]",61412adb-0b3f-44ff-8086-73d9054bf16b,10.1016/j.jct.2018.07.031,0.666666666667,308.15,2.0,Document_1,"(0.333, 0.667)",0.333,0.667,,"(('Choline Chloride', 'Glycerol'), 308.15, '61412adb-0b3f-44ff-8086-73d9054bf16b')",0.1716,0.003432,0.0,0.6285714285714286,^,measured
"['Choline Chloride', 'Glycerol']",viscosity,0.149,0.00298,310.65,"[0.333333333333, 0.666666666667]",5a6e01d5-6f99-4dbd-a333-629f31bb4d9b,10.1016/j.jct.2018.07.031,0.666666666667,310.65,2.0,Document_1,"(0.333, 0.667)",0.333,0.667,,"(('Choline Chloride', 'Glycerol'), 310.65, '5a6e01d5-6f99-4dbd-a333-629f31bb4d9b')",0.149,0.00298,0.0,0.6285714285714286,^,measured
"['Choline Chloride', 'Glycerol']",viscosity,0.13,0.0026,313.15,"[0.333333333333, 0.666666666667]",c8d2dfcb-9fd2-46ea-bb27-4f30942dadc1,10.1016/j.jct.2018.07.031,0.666666666667,313.15,2.0,Document_1,"(0.333, 0.667)",0.333,0.667,,"(('Choline Chloride', 'Glycerol'), 313.15, 'c8d2dfcb-9fd2-46ea-bb27-4f30942dadc1')",0.13,0.0026,0.0,0.6285714285714286,^,measured
"['Choline Chloride', 'Glycerol']",viscosity,0.1138,0.002276,315.65,"[0.333333333333, 0.666666666667]",b5bf7569-7995-4ae1-add4-02777f15bdba,10.1016/j.jct.2018.07.031,0.666666666667,315.65,2.0,Document_1,"(0.333, 0.667)",0.333,0.667,,"(('Choline Chloride', 'Glycerol'), 315.65, 'b5bf7569-7995-4ae1-add4-02777f15bdba')",0.1138,0.002276,0.0,0.6285714285714286,^,measured
"['Choline Chloride', 'Glycerol']",viscosity,0.1,0.002,318.15,"[0.333333333333, 0.666666666667]",c302b5d1-1414-4d58-a5d4-f9e0011a73aa,10.1016/j.jct.2018.07.031,0.666666666667,318.15,2.0,Document_1,"(0.333, 0.667)",0.333,0.667,,"(('Choline Chloride', 'Glycerol'), 318.15, 'c302b5d1-1414-4d58-a5d4-f9e0011a73aa')",0.1,0.002,0.0,0.6285714285714286,^,measured
"['Choline Chloride', 'Glycerol']",viscosity,0.08843000000000001,0.0017686,320.65,"[0.333333333333, 0.666666666667]",4b3d5855-c1b7-4967-a1a9-e502cec88494,10.1016/j.jct.2018.07.031,0.666666666667,320.65,2.0,Document_1,"(0.333, 0.667)",0.333,0.667,,"(('Choline Chloride', 'Glycerol'), 320.65, '4b3d5855-c1b7-4967-a1a9-e502cec88494')",0.08843000000000001,0.0017686,0.0,0.6285714285714286,^,measured
"['Choline Chloride', 'Glycerol']",viscosity,0.07839,0.0015678,323.15,"[0.333333333333, 0.666666666667]",64dfd936-4836-41d7-ac68-3b861152cf89,10.1016/j.jct.2018.07.031,0.666666666667,323.15,2.0,Document_1,"(0.333, 0.667)",0.333,0.667,,"(('Choline Chloride', 'Glycerol'), 323.15, '64dfd936-4836-41d7-ac68-3b861152cf89')",0.07839,0.0015678,0.0,0.6285714285714286,^,measured
"['Choline Chloride', 'Glycerol']",viscosity,0.06946,0.0013892,325.65,"[0.333333333333, 0.666666666667]",b7f33702-c092-4f83-84f3-a342d8d06b63,10.1016/j.jct.2018.07.031,0.666666666667,325.65,2.0,Document_1,"(0.333, 0.667)",0.333,0.667,,"(('Choline Chloride', 'Glycerol'), 325.65, 'b7f33702-c092-4f83-84f3-a342d8d06b63')",0.06946,0.0013892,0.0,0.6285714285714286,^,measured
"['Choline Chloride', 'Glycerol']",viscosity,0.062060000000000004,0.0012412,328.15,"[0.333333333333, 0.666666666667]",ee2a182d-5c00-4751-a151-1149e9b056d5,10.1016/j.jct.2018.07.031,0.666666666667,328.15,2.0,Document_1,"(0.333, 0.667)",0.333,0.667,,"(('Choline Chloride', 'Glycerol'), 328.15, 'ee2a182d-5c00-4751-a151-1149e9b056d5')",0.062060000000000004,0.0012412,0.0,0.6285714285714286,^,measured
"['Choline Chloride', 'Glycerol']",viscosity,0.052,0.0010400000000000001,328.0,"[0.333333333333, 0.666666666667]",d1b0a105-60f6-4086-bd0d-223a8cd39166,10.1039/c1cp22554e,0.666666666667,328.0,2.0,Document_1,"(0.333, 0.667)",0.333,0.667,,"(('Choline Chloride', 'Glycerol'), 328.0, 'd1b0a105-60f6-4086-bd0d-223a8cd39166')",0.052,0.0010400000000000001,0.0,0.28571428571428575,*,measured
"['Choline Chloride', 'Glycerol']",viscosity,0.064,0.00128,323.0,"[0.333333333333, 0.666666666667]",bdeeb7f8-a7d7-415e-b8f4-b7cd02fe82f0,10.1039/c1cp22554e,0.666666666667,323.0,2.0,Document_1,"(0.333, 0.667)",0.333,0.667,,"(('Choline Chloride', 'Glycerol'), 323.0, 'bdeeb7f8-a7d7-415e-b8f4-b7cd02fe82f0')",0.064,0.00128,0.0,0.28571428571428575,*,measured
"['Choline Chloride', 'Glycerol']",viscosity,0.082,0.00164,318.0,"[0.333333333333, 0.666666666667]",f1b764a4-19e4-492a-9450-a30892add14e,10.1039/c1cp22554e,0.666666666667,318.0,2.0,Document_1,"(0.333, 0.667)",0.333,0.667,,"(('Choline Chloride', 'Glycerol'), 318.0, 'f1b764a4-19e4-492a-9450-a30892add14e')",0.082,0.00164,0.0,0.28571428571428575,*,measured
"['Choline Chloride', 'Glycerol']",viscosity,0.104,0.0020800000000000003,313.0,"[0.333333333333, 0.666666666667]",41431123-b789-4994-9d4e-290ea4798fe7,10.1039/c1cp22554e,0.666666666667,313.0,2.0,Document_1,"(0.333, 0.667)",0.333,0.667,,"(('Choline Chloride', 'Glycerol'), 313.0, '41431123-b789-4994-9d4e-290ea4798fe7')",0.104,0.0020800000000000003,0.0,0.28571428571428575,*,measured
"['Choline Chloride', 'Glycerol']",viscosity,0.14,0.0028,308.0,"[0.333333333333, 0.666666666667]",b5fdbca5-963a-49ce-ae5f-d6876ae56b22,10.1039/c1cp22554e,0.666666666667,308.0,2.0,Document_1,"(0.333, 0.667)",0.333,0.667,,"(('Choline Chloride', 'Glycerol'), 308.0, 'b5fdbca5-963a-49ce-ae5f-d6876ae56b22')",0.14,0.0028,0.0,0.28571428571428575,*,measured
"['Choline Chloride', 'Glycerol']",viscosity,0.188,0.00376,303.0,"[0.333333333333, 0.666666666667]",906e35ae-0e5e-40e0-89b0-ac56779c44cc,10.1039/c1cp22554e,0.666666666667,303.0,2.0,Document_1,"(0.333, 0.667)",0.333,0.667,,"(('Choline Chloride', 'Glycerol'), 303.0, '906e35ae-0e5e-40e0-89b0-ac56779c44cc')",0.188,0.00376,0.0,0.28571428571428575,*,measured
"['Choline Chloride', 'Glycerol']",viscosity,0.259,0.00518,298.0,"[0.333333333333, 0.666666666667]",3a6882f8-2c7e-4580-9029-9c2ed8c6eb35,10.1039/c1cp22554e,0.666666666667,298.0,2.0,Document_1,"(0.333, 0.667)",0.333,0.667,,"(('Choline Chloride', 'Glycerol'), 298.0, '3a6882f8-2c7e-4580-9029-9c2ed8c6eb35')",0.259,0.00518,0.0,0.28571428571428575,*,measured
"['Choline Chloride', 'Glycerol']",viscosity,0.052,0.00156,328.15,"[0.333333333333, 0.666666666667]",b894a05a-68dd-4682-b4f0-1cce3cbd25fb,10.1039/c0gc00395f,0.666666666667,328.15,2.0,Document_1,"(0.333, 0.667)",0.333,0.667,,"(('Choline Chloride', 'Glycerol'), 328.15, 'b894a05a-68dd-4682-b4f0-1cce3cbd25fb')",0.052,0.00156,0.0,0.37142857142857144,p,measured
"['Choline Chloride', 'Glycerol']",viscosity,0.064,0.0019199999999999998,323.15,"[0.333333333333, 0.666666666667]",30f62111-501d-422f-a8ed-ddcd73468022,10.1039/c0gc00395f,0.666666666667,323.15,2.0,Document_1,"(0.333, 0.667)",0.333,0.667,,"(('Choline Chloride', 'Glycerol'), 323.15, '30f62111-501d-422f-a8ed-ddcd73468022')",0.064,0.0019199999999999998,0.0,0.37142857142857144,p,measured
"['Choline Chloride', 'Glycerol']",viscosity,0.082,0.00246,318.15,"[0.333333333333, 0.666666666667]",7bc1802c-1d07-40f7-aa89-62fdc2f36f52,10.1039/c0gc00395f,0.666666666667,318.15,2.0,Document_1,"(0.333, 0.667)",0.333,0.667,,"(('Choline Chloride', 'Glycerol'), 318.15, '7bc1802c-1d07-40f7-aa89-62fdc2f36f52')",0.082,0.00246,0.0,0.37142857142857144,p,measured
"['Choline Chloride', 'Glycerol']",viscosity,0.104,0.00312,313.15,"[0.333333333333, 0.666666666667]",42f5bb82-a008-48a1-a802-36f9968b3e17,10.1039/c0gc00395f,0.666666666667,313.15,2.0,Document_1,"(0.333, 0.667)",0.333,0.667,,"(('Choline Chloride', 'Glycerol'), 313.15, '42f5bb82-a008-48a1-a802-36f9968b3e17')",0.104,0.00312,0.0,0.37142857142857144,p,measured
"['Choline Chloride', 'Glycerol']",viscosity,0.14,0.004200000000000001,308.15,"[0.333333333333, 0.666666666667]",ac59bce4-1dbd-4657-8f16-0e2e53393fec,10.1039/c0gc00395f,0.666666666667,308.15,2.0,Document_1,"(0.333, 0.667)",0.333,0.667,,"(('Choline Chloride', 'Glycerol'), 308.15, 'ac59bce4-1dbd-4657-8f16-0e2e53393fec')",0.14,0.004200000000000001,0.0,0.37142857142857144,p,measured
"['Choline Chloride', 'Glycerol']",viscosity,0.188,0.00564,303.15,"[0.333333333333, 0.666666666667]",79656f4f-c683-43d0-9733-06a403e26c8c,10.1039/c0gc00395f,0.666666666667,303.15,2.0,Document_1,"(0.333, 0.667)",0.333,0.667,,"(('Choline Chloride', 'Glycerol'), 303.15, '79656f4f-c683-43d0-9733-06a403e26c8c')",0.188,0.00564,0.0,0.37142857142857144,p,measured
"['Choline Chloride', 'Glycerol']",viscosity,0.259,0.00777,298.15,"[0.333333333333, 0.666666666667]",3c350f12-7630-441d-aeab-25cd0e26181c,10.1039/c0gc00395f,0.666666666667,298.15,2.0,Document_1,"(0.333, 0.667)",0.333,0.667,,"(('Choline Chloride', 'Glycerol'), 298.15, '3c350f12-7630-441d-aeab-25cd0e26181c')",0.259,0.00777,0.0,0.37142857142857144,p,measured
"['Choline Chloride', 'Glycerol']",viscosity,0.376,0.01128,293.15,"[0.333333333333, 0.666666666667]",b1f37fdd-31b9-4c27-baf6-2a1ea9a6d8bc,10.1039/c0gc00395f,0.666666666667,293.15,2.0,Document_1,"(0.333, 0.667)",0.333,0.667,,"(('Choline Chloride', 'Glycerol'), 293.15, 'b1f37fdd-31b9-4c27-baf6-2a1ea9a6d8bc')",0.376,0.01128,0.0,0.37142857142857144,p,measured
"['Choline Chloride', 'Glycerol']",viscosity,0.376,,293.15,"[0.333333333333, 0.666666666667]",8a26e253-0080-46c0-b2ff-60bd4cbd80ba,10.1021/jp0671998,0.666666666667,293.15,2.0,Document_1,"(0.333, 0.667)",0.333,0.667,,"(('Choline Chloride', 'Glycerol'), 293.15, '8a26e253-0080-46c0-b2ff-60bd4cbd80ba')",0.376,,0.0,0.4571428571428572,v,measured
"['Choline Chloride', 'Glycerol']",viscosity,0.031056,,353.021,"[0.333333333333, 0.666666666667]",5b848638-a48f-49fa-a457-1518e6c8b0ec,10.1016/j.molliq.2015.11.032,0.666666666667,353.021,2.0,Document_1,"(0.333, 0.667)",0.333,0.667,,"(('Choline Chloride', 'Glycerol'), 353.021, '5b848638-a48f-49fa-a457-1518e6c8b0ec')",0.031056,,0.0,0.5428571428571428,D,measured
"['Choline Chloride', 'Glycerol']",viscosity,0.040350000000000004,,348.011,"[0.333333333333, 0.666666666667]",61875294-e0b1-49ff-8ac2-6061049e2e3f,10.1016/j.molliq.2015.11.032,0.666666666667,348.011,2.0,Document_1,"(0.333, 0.667)",0.333,0.667,,"(('Choline Chloride', 'Glycerol'), 348.011, '61875294-e0b1-49ff-8ac2-6061049e2e3f')",0.040350000000000004,,0.0,0.5428571428571428,D,measured
"['Choline Chloride', 'Glycerol']",viscosity,0.044656,,343.001,"[0.333333333333, 0.666666666667]",8c690a94-6e50-4472-aa40-0c2084cf3f73,10.1016/j.molliq.2015.11.032,0.666666666667,343.001,2.0,Document_1,"(0.333, 0.667)",0.333,0.667,,"(('Choline Chloride', 'Glycerol'), 343.001, '8c690a94-6e50-4472-aa40-0c2084cf3f73')",0.044656,,0.0,0.5428571428571428,D,measured
"['Choline Chloride', 'Glycerol']",viscosity,0.048951999999999996,,337.919,"[0.333333333333, 0.666666666667]",841ee065-b5e6-48c9-994e-1b1139be6f22,10.1016/j.molliq.2015.11.032,0.666666666667,337.919,2.0,Document_1,"(0.333, 0.667)",0.333,0.667,,"(('Choline Chloride', 'Glycerol'), 337.919, '841ee065-b5e6-48c9-994e-1b1139be6f22')",0.048951999999999996,,0.0,0.5428571428571428,D,measured
"['Choline Chloride', 'Glycerol']",viscosity,0.058245,,332.908,"[0.333333333333, 0.666666666667]",e33df66c-cfd4-4ce2-ae55-c2b3e0e7b71f,10.1016/j.molliq.2015.11.032,0.666666666667,332.908,2.0,Document_1,"(0.333, 0.667)",0.333,0.667,,"(('Choline Chloride', 'Glycerol'), 332.908, 'e33df66c-cfd4-4ce2-ae55-c2b3e0e7b71f')",0.058245,,0.0,0.5428571428571428,D,measured
"['Choline Chloride', 'Glycerol']",viscosity,0.072517,,327.826,"[0.333333333333, 0.666666666667]",f8ccaecf-e5a3-4de0-a115-338ec778105d,10.1016/j.molliq.2015.11.032,0.666666666667,327.826,2.0,Document_1,"(0.333, 0.667)",0.333,0.667,,"(('Choline Chloride', 'Glycerol'), 327.826, 'f8ccaecf-e5a3-4de0-a115-338ec778105d')",0.072517,,0.0,0.5428571428571428,D,measured
"['Choline Chloride', 'Glycerol']",viscosity,0.091795,,322.888,"[0.333333333333, 0.666666666667]",60be7143-69d7-4cee-a997-85764e3a370f,10.1016/j.molliq.2015.11.032,0.666666666667,322.888,2.0,Document_1,"(0.333, 0.667)",0.333,0.667,,"(('Choline Chloride', 'Glycerol'), 322.888, '60be7143-69d7-4cee-a997-85764e3a370f')",0.091795,,0.0,0.5428571428571428,D,measured
"['Choline Chloride', 'Glycerol']",viscosity,1.0039428000000001,0.005019714,283.15,"[0.333333333333, 0.666666666667]",fed9b6bb-5ec5-4f09-a415-562929b82ac0,10.1016/j.fluid.2014.01.028,0.666666666667,283.15,2.0,Document_1,"(0.333, 0.667)",0.333,0.667,,"(('Choline Chloride', 'Glycerol'), 283.15, 'fed9b6bb-5ec5-4f09-a415-562929b82ac0')",1.0039428000000001,0.005019714,0.0,0.7142857142857144,s,measured
"['Choline Chloride', 'Glycerol']",viscosity,0.0195866,9.793300000000001e-05,363.15,"[0.333333333333, 0.666666666667]",c5c47075-07d1-4aca-ab4f-41599791c2c3,10.1016/j.fluid.2014.01.028,0.666666666667,363.15,2.0,Document_1,"(0.333, 0.667)",0.333,0.667,,"(('Choline Chloride', 'Glycerol'), 363.15, 'c5c47075-07d1-4aca-ab4f-41599791c2c3')",0.0195866,9.793300000000001e-05,0.0,0.7142857142857144,s,measured
"['Choline Chloride', 'Glycerol']",viscosity,0.47296710000000003,0.0023648354999999998,293.15,"[0.333333333333, 0.666666666667]",cfd54e46-6232-495e-9c03-5f18240a3f8b,10.1016/j.fluid.2014.01.028,0.666666666667,293.15,2.0,Document_1,"(0.333, 0.667)",0.333,0.667,,"(('Choline Chloride', 'Glycerol'), 293.15, 'cfd54e46-6232-495e-9c03-5f18240a3f8b')",0.47296710000000003,0.0023648354999999998,0.0,0.7142857142857144,s,measured
"['Choline Chloride', 'Glycerol']",viscosity,0.2467928,0.0012339640000000002,303.15,"[0.333333333333, 0.666666666667]",e2f2879b-9a1a-490c-b43e-395414c333cd,10.1016/j.fluid.2014.01.028,0.666666666667,303.15,2.0,Document_1,"(0.333, 0.667)",0.333,0.667,,"(('Choline Chloride', 'Glycerol'), 303.15, 'e2f2879b-9a1a-490c-b43e-395414c333cd')",0.2467928,0.0012339640000000002,0.0,0.7142857142857144,s,measured
"['Choline Chloride', 'Glycerol']",viscosity,0.1333749,0.0006668745000000001,313.15,"[0.333333333333, 0.666666666667]",f26d80b1-3607-4d05-91cf-813aac8191a2,10.1016/j.fluid.2014.01.028,0.666666666667,313.15,2.0,Document_1,"(0.333, 0.667)",0.333,0.667,,"(('Choline Chloride', 'Glycerol'), 313.15, 'f26d80b1-3607-4d05-91cf-813aac8191a2')",0.1333749,0.0006668745000000001,0.0,0.7142857142857144,s,measured
"['Choline Chloride', 'Glycerol']",viscosity,0.0815895,0.00040794750000000004,323.15,"[0.333333333333, 0.666666666667]",9d62df55-4123-4000-b89d-1d0c81e24249,10.1016/j.fluid.2014.01.028,0.666666666667,323.15,2.0,Document_1,"(0.333, 0.667)",0.333,0.667,,"(('Choline Chloride', 'Glycerol'), 323.15, '9d62df55-4123-4000-b89d-1d0c81e24249')",0.0815895,0.00040794750000000004,0.0,0.7142857142857144,s,measured
"['Choline Chloride', 'Glycerol']",viscosity,0.053811700000000004,0.0002690585,333.15,"[0.333333333333, 0.666666666667]",17bb202d-12e4-45a1-9693-5ddad527a1fe,10.1016/j.fluid.2014.01.028,0.666666666667,333.15,2.0,Document_1,"(0.333, 0.667)",0.333,0.667,,"(('Choline Chloride', 'Glycerol'), 333.15, '17bb202d-12e4-45a1-9693-5ddad527a1fe')",0.053811700000000004,0.0002690585,0.0,0.7142857142857144,s,measured
"['Choline Chloride', 'Glycerol']",viscosity,0.03674090000000001,0.00018370449999999998,343.15,"[0.333333333333, 0.666666666667]",79c3a30b-310a-4369-bffd-ce37743c76fa,10.1016/j.fluid.2014.01.028,0.666666666667,343.15,2.0,Document_1,"(0.333, 0.667)",0.333,0.667,,"(('Choline Chloride', 'Glycerol'), 343.15, '79c3a30b-310a-4369-bffd-ce37743c76fa')",0.03674090000000001,0.00018370449999999998,0.0,0.7142857142857144,s,measured
"['Choline Chloride', 'Glycerol']",viscosity,0.0263331,0.0001316655,353.15,"[0.333333333333, 0.666666666667]",33bf4fb3-0b6f-4fb6-8c35-3f419e78d30c,10.1016/j.fluid.2014.01.028,0.666666666667,353.15,2.0,Document_1,"(0.333, 0.667)",0.333,0.667,,"(('Choline Chloride', 'Glycerol'), 353.15, '33bf4fb3-0b6f-4fb6-8c35-3f419e78d30c')",0.0263331,0.0001316655,0.0,0.7142857142857144,s,measured
"['Choline Chloride', 'Glycerol']",viscosity,0.4526,0.009052,293.15,"[0.333333333333, 0.666666666667]",0ce63af0-783c-4a7a-8323-72e325a68f79,10.1016/j.jct.2018.07.031,0.666666666667,293.15,2.0,Document_1,"(0.333, 0.667)",0.333,0.667,,"(('Choline Chloride', 'Glycerol'), 293.15, '0ce63af0-783c-4a7a-8323-72e325a68f79')",0.4526,0.009052,0.0,0.6285714285714286,^,measured
"['Choline Chloride', 'Glycerol']",viscosity,0.5437000000000001,0.010874,290.65,"[0.333333333333, 0.666666666667]",e93358fa-2ae6-4220-95f9-10a09f2f7fc0,10.1016/j.jct.2018.07.031,0.666666666667,290.65,2.0,Document_1,"(0.333, 0.667)",0.333,0.667,,"(('Choline Chloride', 'Glycerol'), 290.65, 'e93358fa-2ae6-4220-95f9-10a09f2f7fc0')",0.5437000000000001,0.010874,0.0,0.6285714285714286,^,measured
"['Choline Chloride', 'Glycerol']",viscosity,0.6584,0.013168,288.15,"[0.333333333333, 0.666666666667]",703c38f8-163e-4bad-b549-974fd0fb87b4,10.1016/j.jct.2018.07.031,0.666666666667,288.15,2.0,Document_1,"(0.333, 0.667)",0.333,0.667,,"(('Choline Chloride', 'Glycerol'), 288.15, '703c38f8-163e-4bad-b549-974fd0fb87b4')",0.6584,0.013168,0.0,0.6285714285714286,^,measured
"['Choline Chloride', 'Glycerol']",viscosity,0.8015,0.016030000000000003,285.65,"[0.333333333333, 0.666666666667]",1c6d5304-20a7-409d-bb25-e15675517c80,10.1016/j.jct.2018.07.031,0.666666666667,285.65,2.0,Document_1,"(0.333, 0.667)",0.333,0.667,,"(('Choline Chloride', 'Glycerol'), 285.65, '1c6d5304-20a7-409d-bb25-e15675517c80')",0.8015,0.016030000000000003,0.0,0.6285714285714286,^,measured
"['Choline Chloride', 'Glycerol']",viscosity,0.9823999999999999,0.019648,283.15,"[0.333333333333, 0.666666666667]",b78bb587-a474-433e-899f-d7383b12e9da,10.1016/j.jct.2018.07.031,0.666666666667,283.15,2.0,Document_1,"(0.333, 0.667)",0.333,0.667,,"(('Choline Chloride', 'Glycerol'), 283.15, 'b78bb587-a474-433e-899f-d7383b12e9da')",0.9823999999999999,0.019648,0.0,0.6285714285714286,^,measured
"['Choline Chloride', 'Glycerol']",viscosity,1.211,0.02422,280.65,"[0.333333333333, 0.666666666667]",ebcd6ba0-62b3-4160-9052-0e549be39c5d,10.1016/j.jct.2018.07.031,0.666666666667,280.65,2.0,Document_1,"(0.333, 0.667)",0.333,0.667,,"(('Choline Chloride', 'Glycerol'), 280.65, 'ebcd6ba0-62b3-4160-9052-0e549be39c5d')",1.211,0.02422,0.0,0.6285714285714286,^,measured
"['Choline Chloride', 'Glycerol']",viscosity,1.511,0.03022,278.15,"[0.333333333333, 0.666666666667]",9966b387-45ad-4d5d-b410-8ce8118d4a10,10.1016/j.jct.2018.07.031,0.666666666667,278.15,2.0,Document_1,"(0.333, 0.667)",0.333,0.667,,"(('Choline Chloride', 'Glycerol'), 278.15, '9966b387-45ad-4d5d-b410-8ce8118d4a10')",1.511,0.03022,0.0,0.6285714285714286,^,measured
